,Name,Year,Country,Function,Material Arch,Material Deck,Coordinates N / S,Coordinates E / W,Span [m],Rise of Arch [m],Rise-Span Ratio,Width Tie Backs [m],Horizontal Arch Inclination,Arch Bracing
0,Agoishi Bridge,1985.0,Japan,Road Bridge,Steel,Steel-Concrete Composite,"34° 13' 11.52"" N","135° 8' 44.43"" E",163.4,26.0,6.284615385,10.25,Yes,Cross Girder
2,Akio Bridge,1968.0,Japan,Road Bridge,Steel,Steel-Concrete Composite,"34° 26' 23.04"" N","132° 29' 0.59"" E",110.0,17.0,6.470588235,6.0,Yes,Cross Girder
3,Amelia Earhart Bridge,2012.0,USA,Road Bridge,Steel,Steel-Concrete Composite,"39°33'34.0""N","95°06'48.4""W",160.6,26.5,6.060377357999999,23.8,No,Diamond Truss
6,Åsnes Bridge,2011.0,Norway,Road Bridge,Steel,Steel-Concrete Composite,"64°18'34.7""N","11°13'06.3""E",111.0,18.0,6.166666667,9.0,No,K-Truss
11,Bent Bridge 1,2011.0,USA,Pedestrian Bridge,Steel,Reinforced Concrete,"37°19'33.7""N","121°51'38.9""W",82.3,6.7,12.28358209,4.2,Yes,Diamond Truss
12,Bent Bridge 2,2011.0,USA,Pedestrian Bridge,Steel,Reinforced Concrete,"37°19'33.7""N","121°51'38.9""W",82.3,6.7,12.28358209,4.2,Yes,Diamond Truss
14,Blennerhassett Island Bridge ,2008.0,USA,Road Bridge,Steel,Steel-Concrete Composite,"39° 16' 29.00"" N","81° 38' 49.00"" W",267.8,53.3,5.024390244,32.6,No,Diamond Truss
15,Bogenbrücke Salzbergen,2015.0,Germany,Road Bridge,Steel,Steel-Concrete Composite,"52°19'13.7""N","7°21'15.5""E",56.0,12.85,4.357976654,15.86,No,None
17,Bolstadstraumen bru,1963.0,Norway,Road Bridge,Steel,Prestressed Concrete,"60° 39' 19.97"" N","5° 48' 6.72"" E",83.0,15.0,5.533333333,8.2,No,K-Truss
18,Brandangersundet Bridge,2010.0,Norway,Road Bridge,Steel,Prestressed Concrete,"60° 53' 53.00"" N","5° 1' 33.00"" E",220.0,33.0,6.666666667,7.2,No,Zigzag Truss
21,Brodno Vranie Bridge,2019.0,Slovakia,Pedestrian Bridge,Steel,Reinforced Concrete,"49°15'30.3""N","18°44'59.8""E",75.0,7.5,10.0,3.3,No,Diamond Truss
23,Bugrinsky Bridge ,2014.0,Russia,Road Bridge,Steel,Steel,"54° 58' 29.65"" N","82° 57' 44.32"" E",380.0,72.7,5.22696011,36.9,Yes,Diamond Truss
24,Cernavoda Bridge ,2001.0,Romania,Road Bridge,Steel,Steel-Concrete Composite,"44° 20' 17.51"" N","28° 1' 43.15"" E",172.5,28.0,6.160714286,26.2,No,Cross Girder
26,Domen River Bridge,2006.0,Japan,Road Bridge,Steel,Steel,"33°03'03.5""N","130°25'51.1""E",200.5,31.0,6.467741935,13.5,No,Cross Girder
28,Drivabrua,2016.0,Norway,Road Bridge,Steel,Steel-Concrete Composite,"62°40'24.7""N","8°33'21.9""E",111.0,17.0,6.529411765,15.0,No,K-Truss
30,Dziwna Most ,2003.0,Poland,Road Bridge,Steel,Steel-Concrete Composite,"53° 50' 46.81"" N","14° 37' 19.27"" E",180.0,25.0,7.2,16.0,Yes,Cross Girder
33,Eisenbahnüberführung Florabrücke ,2010.0,Germany,Railway Bridge,Steel,Steel,"52° 17' 43.23"" N","11° 22' 48.31"" E",132.6,19.85,6.680100756,8.4,Yes,Cross Girder
35,Forrabura,2017.0,Norway,Road Bridge,Steel,Steel-Concrete Composite,"63°27'41.5""N","11°11'03.3""E",75.0,13.0,5.769230769,10.0,No,K-Truss
46,Haccourt Bridge ,1985.0,Belgium,Road Bridge,Steel,Steel,"50° 44' 7.55"" N","5° 40' 36.99"" E",139.5,23.25,6.0,20.9,No,None
47,Håkkadalen Bridge,1963.0,Norway,Road Bridge,Steel,Reinforced Concrete,"64°01'07.1""N","11°30'16.9""E",80.0,12.0,6.666666667,7.0,No,Diamond Truss
51,Havelkanalbrücke Brieselang 1,2011.0,Germany,Road Bridge,Steel,Steel-Concrete Composite,"52° 35' 7.00"" N","12° 58' 20.00"" E",106.0,18.8,5.638297872000001,19.85,No,None
53,Heisei Memorial Bridge,1989.0,Japan,Road Bridge,Steel,Steel-Concrete Composite,"35° 6' 0.15"" N","137° 10' 39.32"" E",158.0,26.0,6.076923077000001,21.7,Yes,Cross Girder
54,Hermalle Bridge ,1985.0,Belgium,Road Bridge,Steel,Steel-Concrete Composite,"50° 42' 53.80"" N","5° 40' 18.20"" E",138.1,24.04,5.744592346,13.6,Yes,None
63,Kledering Classification Yard Railroad Overfly Bridge 1,2013.0,Austria,Railway Bridge,Steel,Steel-Concrete Composite,"48° 8' 22.28"" N","16° 26' 6.76"" E",112.5,19.0,5.921052632,14.2,Yes,Cross Girder
64,Kledering Classification Yard Railroad Overfly Bridge 2,2013.0,Austria,Railway Bridge,Steel,Steel-Concrete Composite,"48° 8' 22.28"" N","16° 26' 6.76"" E",88.5,15.0,5.9,14.2,Yes,Cross Girder
69,Lake Barkley Bridge,2018.0,USA,Road Bridge,Steel,Steel-Concrete Composite,"36°48'02.0""N","87°58'42.4""W",167.6,32.4,5.172839506,28.7,Yes,Cross Girder
70,Lake Champlain Bridge ,2011.0,USA,Road Bridge,Steel,Steel-Concrete Composite,"44° 1' 58.18"" N","73° 25' 23.68"" W",123.0,24.7,4.979757085,12.3,Yes,Diamond Truss
80,Milsaucy Bridge ,1990.0,Belgium,Road Bridge,Steel,Steel-Concrete Composite,"50° 39' 59.00"" N","5° 38' 24.00"" E",144.6,24.0,6.025,19.0,No,Cross Girder
83,Most MS-15 Olsztyn 1,2019.0,Poland,Road Bridge,Steel,Steel-Concrete Composite,"53°49'13.5""N","20°28'38.3""E",120.0,21.0,5.714285714,13.4,No,K-Truss
84,Most MS-15 Olsztyn 2,2019.0,Poland,Road Bridge,Steel,Steel-Concrete Composite,"53°49'13.5""N","20°28'38.3""E",120.0,21.0,5.714285714,13.4,No,K-Truss
95,Nakanosetoo Bridge,1998.0,Japan,Road Bridge,Steel,Steel-Concrete Composite,"34°11'33.8""N","132°51'16.5""E",192.8,30.0,6.426666667,8.0,Yes,Cross Girder
99,Nervion Bridge,2012.0,Spain,Railway Bridge,Reinforced Concrete,Reinforced Concrete,"43°14'39.1""N","2°53'20.4""W",79.85,12.71,6.28245476,12.5,Yes,Cross Girder
100,N-II Footbridge ,2007.0,Spain,Pedestrian Bridge,Steel,Reinforced Concrete,"40° 26' 59.10"" N","3° 36' 20.72"" W",80.0,11.5,6.956521738999999,8.5,Yes,K-Truss
105,Okamura Bridge,1995.0,Japan,Road Bridge,Steel,Steel-Concrete Composite,"34°11'33.9""N","132°51'38.1""E",183.0,28.0,6.535714286,8.0,Yes,Cross Girder
110,Palma del Río Bridge ,2008.0,Spain,Road Bridge,Steel,Steel-Concrete Composite,"37° 43' 18.80"" N","5° 17' 12.61"" W",130.0,25.0,5.2,20.4,Yes,K-Truss
124,Rayer Bazar Bridge,2015.0,Bangladesh,Road Bridge,Reinforced Concrete,Prestressed Concrete,"23° 44' 59.45"" N","90° 21' 19.23"" E",40.0,6.8,5.882352941000001,7.5,No,Diamond Truss
125,Regenbrücke Stefling,2015.0,Germany,Road Bridge,Reinforced Concrete,Reinforced Concrete,"49°12'49.7""N","12°11'48.5""E",54.8,9.0,6.088888889,9.85,No,None
130,Río Deba Bridge ,2007.0,Spain,Road Bridge,Steel,Steel-Concrete Composite,"43° 17' 29.11"" N","2° 21' 41.39"" W ",110.0,20.0,5.5,18.6,Yes,None
131,River Irwell Crossing ,2017.0,Great Britain,Railway Bridge,Steel,Steel-Concrete Composite,"53° 28' 41.78"" N","2° 15' 34.02"" W",89.0,13.57,6.5585851139999995,15.4,Yes,K-Truss
134,Roudne Bridge,2019.0,Czech Republic,Road Bridge,Steel,Reinforced Concrete,"48°56'04.2""N","14°29'22.9""E",35.0,6.53,5.359877489,8.65,No,Cross Girder
135,Saalebrücke der Ortsumgehung Bernburg,2014.0,Germany,Road Bridge,Steel,Steel-Concrete Composite,"51° 48' 21.93"" N","11° 46' 55.81"" E ",101.0,15.5,6.516129032,16.35,No,Diamond Truss
142,Shinhamaderao Bridge,1991.0,Japan,Road Bridge,Steel,Steel,"34° 32' 59.64"" N","135° 26' 29.52"" E",254.0,36.0,7.055555556,25.5,Yes,Cross Girder
153,Stadtbahnbrücke,2020.0,Germany,Railway Bridge,Steel,Reinforced Concrete,"48°42'19.3""N","9°10'12.5""E",80.0,8.5,9.411764706,8.5,No,None
174,Toyokoro Ohashi Bridge,1983.0,Japan,Road Bridge,Steel,Steel-Concrete Composite,"42°48'42.2""N","143°30'23.8""E",140.0,22.5,6.222222222,11.0,Yes,Cross Girder
175,Trinec-Baliny Road Bridge 1,2009.0,Czech Republic,Road Bridge,Steel,Reinforced Concrete,"49° 42' 19.29"" N","18° 38' 17.39"" E",73.5,12.25,6.0,18.5,No,None
176,Trinec-Baliny Road Bridge 2,2009.0,Czech Republic,Road Bridge,Steel,Reinforced Concrete,"49° 42' 19.29"" N","18° 38' 17.39"" E",73.5,12.25,6.0,9.65,No,None
177,Trója Bridge ,2014.0,Czech Republic,Railway Bridge,Steel,Prestressed Concrete,"50° 6' 44.29"" N","14° 26' 10.08"" E ",200.4,20.0,10.02,10.0,Yes,None
180,Überführungsbauwerk WD-10 Mińsk-Mazowiecki,2011.0,Poland,Road Bridge,Steel,Reinforced Concrete,"52°12'20.1""N","21°40'32.4""E",65.0,10.8,6.018518519,8.94,No,K-Truss
181,Überführungsbauwerk WD-137 Tarnów - Rzeszów 1,2012.0,Poland,Road Bridge,Steel,Reinforced Concrete,"50°06'30.5""N","21°39'54.1""E",72.0,13.85,5.198555957,8.62,No,K-Truss
182,Überführungsbauwerk WD-137 Tarnów - Rzeszów 2,2012.0,Poland,Road Bridge,Steel,Reinforced Concrete,"50°06'30.4""N","21°39'54.6""E",72.0,13.85,5.198555957,9.62,No,K-Truss
183,Überführungsbauwerk WD-431 Rawicz (Pyrzowice – Piekary) 1,2011.0,Poland,Road Bridge,Steel,Reinforced Concrete,"50°28'17.2""N","19°03'12.8""E",62.0,9.3,6.666666667,8.94,No,Diamond Truss
184,Überführungsbauwerk WD-431 Rawicz (Pyrzowice – Piekary) 2,2011.0,Poland,Road Bridge,Steel,Reinforced Concrete,"50°28'17.2""N","19°03'12.8""E",62.0,9.3,6.666666667,8.94,No,Diamond Truss
185,Überführungsbauwerk WD-57 Rawicz,2012.0,Poland,Road Bridge,Steel,Steel-Concrete Composite,"51°36'23.1""N","16°48'22.7""E",75.0,12.89,5.818463926000001,14.2,No,K-Truss
188,Utsumio Bridge 1,1989.0,Japan,Road Bridge,Steel,Steel-Concrete Composite,"34°22'23.3""N","133°19'12.5""E",185.0,28.0,6.607142857,12.5,Yes,Cross Girder
190,W 7th Street Bridge 1,2013.0,USA,Road Bridge,Prestressed Concrete,Prestressed Concrete,"32°45'03.6""N","97°20'51.5""W",49.8,7.2,6.916666667,20.7,No,None
191,W 7th Street Bridge 2,2013.0,USA,Road Bridge,Prestressed Concrete,Prestressed Concrete,"32°45'03.6""N","97°20'49.6""W",49.8,7.2,6.916666667,20.7,No,None
192,W 7th Street Bridge 3,2013.0,USA,Road Bridge,Prestressed Concrete,Prestressed Concrete,"32°45'03.6""N","97°20'47.7""W",49.8,7.2,6.916666667,20.7,No,None
193,W 7th Street Bridge 4,2013.0,USA,Road Bridge,Prestressed Concrete,Prestressed Concrete,"32°45'03.6""N","97°20'45.8""W",49.8,7.2,6.916666667,20.7,No,None
194,W 7th Street Bridge 5,2013.0,USA,Road Bridge,Prestressed Concrete,Prestressed Concrete,"32°45'03.6""N","97°20'43.8""W",49.8,7.2,6.916666667,20.7,No,None
195,W 7th Street Bridge 6,2013.0,USA,Road Bridge,Prestressed Concrete,Prestressed Concrete,"32°45'03.6""N","97°20'41.9""W",49.8,7.2,6.916666667,20.7,No,None
196,Waikato River Bridge,2010.0,New Zealand,Road Bridge,Steel,Steel-Concrete Composite,"38°38'01.0""S","176°05'51.7""E",100.3,20.0,5.015,12.75,No,K-Truss
197,Wellsburg,2020.0,USA,Road Bridge,Steel,Steel-Concrete Composite,"40°15'17.8""N","80°38'11.2""W",253.0,39.5,6.405063291,20.7,Yes,Diamond Truss
202,Žeželj Bridge 1,2018.0,Serbia,Railway Bridge,Steel,Steel-Concrete Composite,"45° 15' 42.60"" N","19° 51' 37.77"" E ",219.0,42.0,5.214285714,32.0,Yes,Cross Girder
203,Žeželj Bridge 2,2018.0,Serbia,Railway Bridge,Steel,Steel-Concrete Composite,"45° 15' 42.60"" N","19° 51' 37.77"" E ",177.0,34.0,5.205882353,32.0,Yes,Cross Girder
