A,mu,sigma,num_piers,pier_h,shell_cross_section,pier_diameter,Concrete
0.5711302197572201,0.19556112156024796,0.43203433197608415,1,-0.79,24,31,C30/37
4.561069678473616,0.25487188636732444,0.8038721333589992,1,-4.97,23,45,C30/37
3.7577829290058635,0.7477727612782151,0.8322731444523349,6,-1.52,18,29,C30/37
1.1232273701593507,0.8340293019756051,0.7208015349347439,6,-2.75,22,40,C40/50
1.529228552539662,0.09631695104675755,0.9280424759518876,1,-5.5,12,46,C40/50
1.9790526432045785,0.29087007849466456,0.14454808032008537,4,-0.87,16,34,C60/75
4.701498674489988,0.650687633358618,0.4235093531886745,3,-0.01,16,25,C60/75
4.4043012375819535,0.541800091797525,0.7976430058437366,2,-5.36,10,57,C60/75
4.847705421122308,0.047431258804047104,0.5400671928517787,3,-5.22,23,46,C40/50
3.90117500571292,0.049365281679999415,0.835124099569375,4,-0.09,12,35,C40/50
0.7589270766359023,0.6695914713562754,0.3788392670803952,3,-2.23,24,33,C60/75
4.966690417426366,0.02844296784765872,0.8016552967013489,4,-2.99,14,50,C30/37
3.5948864396343305,0.39290995213922436,0.6867637586169334,4,-3.53,15,34,C40/50
1.9715183981246112,0.752553843724426,0.4666880298352083,1,-1.74,20,28,C60/75
1.0744099704893975,0.2710381023354505,0.8946368483438277,1,-2.98,22,47,C60/75
2.716415549054205,0.7725506384978562,0.4050413705162471,5,-5.19,23,45,C60/75
2.7684702168792468,0.8154207804310581,0.3899320658562077,3,-5.24,16,22,C40/50
1.9018634557964877,0.3224159020310873,0.20898264572852293,5,-3.58,26,21,C40/50
3.6433506939383364,0.16585547581113394,0.13065176718066357,3,-1.31,23,28,C30/37
4.343265650977325,0.5624090845085186,0.8242283363225217,2,-1.89,29,22,C30/37
2.1925667083458094,0.02050929300564548,0.5279090648677738,3,-2.93,24,36,C40/50
2.8673966379876425,0.24656108853969497,0.2285794685241137,5,-1.55,29,26,C60/75
1.5244571212943228,0.5113277599069602,0.562732827905353,3,-1.99,22,48,C40/50
4.750419940774312,0.9567697860091051,0.7396644580716326,4,-1.78,17,54,C30/37
4.578414305535886,0.28004710060493027,0.609273628053767,5,-2.65,14,25,C30/37
0.8847754469030383,0.48856490293999694,0.7454072432141471,1,-0.41,25,36,C40/50
1.8324057081980678,0.5426840709481692,0.3086165881894945,2,-2.52,24,59,C60/75
1.533687697420386,0.05906318684946622,0.6530210779537446,2,-3.86,24,41,C40/50
4.237003086042396,0.5021254379591625,0.6635133870675711,3,-1.21,15,27,C40/50
1.674280512487244,0.7619860637122917,0.8411318267715011,4,-3.9,16,55,C60/75
3.921528687821785,0.6114188833907791,0.21606021313092294,3,-3.4,29,25,C40/50
0.4743812309817483,0.9530724374489935,0.6614223007158663,3,-3.19,26,53,C60/75
3.49856776886559,0.389075191570688,0.7862263834831832,2,-1.4,12,43,C60/75
2.9579044284034186,0.9610337680878569,0.16248375957442734,3,-4.46,17,60,C60/75
1.0699108160801152,0.8288908560032343,0.6040120428158613,2,-5.71,15,26,C40/50
1.7206613052311202,0.31139689284266125,0.12370805700919,2,-4.52,20,55,C60/75
0.3777305155896185,0.11775216043704864,0.23502517075515228,2,-1.11,13,29,C30/37
4.957027831681218,0.6718538267558073,0.8966165690190665,0,-1.39,17,26,C40/50
4.09857639958831,0.23184638660480794,0.18289028443951788,0,-0.44,27,27,C30/37
3.7170442809194455,0.1233192854732005,0.9540260510660095,5,-5.04,18,49,C30/37
1.059782624689936,0.1758185015904035,0.8962250923724508,0,-4.93,28,36,C30/37
1.578131929307702,0.8704762470512823,0.1819534116922415,0,-0.13,18,50,C30/37
4.895782125242011,0.41509734685607236,0.13456940785344274,5,-1.29,14,33,C30/37
4.634327238957933,0.15046393196405236,0.7743614882733191,3,-0.01,29,30,C60/75
4.0886676834124955,0.996860231589046,0.6898460165896775,2,-1.3,16,54,C60/75
4.263362522177937,0.794620535920273,0.20609854382181686,4,-5.89,19,21,C30/37
0.23835819397497654,0.62746456521017,0.11854386753566505,2,-3.33,27,20,C40/50
2.1985592219290875,0.3572651068376897,0.2882577156365306,5,-2.18,30,22,C30/37
1.2695245212588502,0.6012742843717285,0.5382197314421177,5,-0.57,23,22,C60/75
2.4720315899776684,0.9322173758953705,0.6657946409029661,6,-3.0,15,39,C40/50
3.361919171499879,0.6558287086959073,0.7296632969191011,1,-3.07,19,51,C60/75
2.9460037764174403,0.9745078467844246,0.14063038623055352,1,-1.84,23,52,C60/75
0.6867106835747974,0.18558139169920962,0.7826643946546653,5,-3.67,15,42,C60/75
3.2636473252954494,0.9416358079822279,0.5323012820188059,5,-2.21,24,38,C60/75
2.543083400886113,0.3002703142913226,0.6679246565880098,4,-3.11,20,30,C40/50
1.2000668422753784,0.8102822397639964,0.24764636507299637,5,-5.6,25,28,C60/75
3.5470587100001536,0.32931390363489454,0.6627383124484059,4,-5.21,14,38,C30/37
1.5827884293646606,0.5476980726085575,0.7863274801992602,1,-0.39,12,31,C60/75
1.6885804578106798,0.49616310342033904,0.7728489014447222,4,-3.21,16,56,C40/50
0.5505148330055168,0.08097100049679552,0.8544212133448609,6,-2.04,18,35,C40/50
0.8217186548033626,0.4099638372895053,0.07279484165757774,1,-4.35,26,34,C60/75
2.2257529557853846,0.8539427680598467,0.9650390843390405,5,-4.72,20,23,C60/75
0.6797992435022647,0.15379821788928094,0.1923813225046596,0,-5.16,28,23,C60/75
3.1592239350377946,0.47826537890806486,0.7186166105836744,1,-2.42,18,52,C30/37
0.6997274984250436,0.9383836910300725,0.5610597669759989,4,-4.55,11,55,C60/75
0.7740823338555984,0.0780199728204458,0.8827143673896645,2,-1.7,14,22,C30/37
2.1002698777322095,0.4126986573674853,0.5453508836449827,4,-3.14,13,44,C60/75
3.882458236307765,0.21359596560925923,0.6546995397069916,1,-5.06,20,37,C40/50
4.852860483931593,0.5553890124529633,0.6079971023384526,2,-5.22,28,50,C30/37
1.5534147954434139,0.014963940165722637,0.09520251995805099,6,-4.23,21,32,C30/37
0.8064899890944481,0.5323520515177989,0.9917801885963051,2,-0.41,28,50,C40/50
3.0118699375952946,0.5456393426655497,0.7563128977176236,2,-5.65,16,53,C30/37
4.947398624426297,0.45620012958923617,0.213101271842843,2,-3.03,29,26,C60/75
1.6357900339448028,0.39594443208309316,0.11528341913567303,5,-5.26,15,54,C40/50
0.8999265857821996,0.4481728265754793,0.35318627937760416,2,-3.12,25,38,C40/50
1.0531754031946088,0.29104157081909904,0.09370430875104555,0,-5.14,22,59,C40/50
4.383060791524182,0.6943591113654138,0.9591398087372732,5,-0.36,18,47,C30/37
0.4508184785472488,0.6490108669973164,0.48172182904337296,1,-3.3,24,24,C40/50
1.7930371364207902,0.1559199507163538,0.43498243633584494,5,-3.47,19,53,C40/50
3.9804644818892188,0.6579553509110256,0.08017879032930347,3,-5.72,17,36,C30/37
2.879579423327216,0.3947563325459443,0.6809485910344756,5,-4.76,12,28,C40/50
0.4797094575913927,0.4616333916150674,0.8218374489365013,1,-1.9,30,42,C60/75
0.9707399224155941,0.3064952085170965,0.8993859253683223,2,-2.06,17,45,C30/37
1.562342944794977,0.9978950202841039,0.41347137511863347,2,-2.93,30,42,C40/50
2.5040419849516864,0.4989751768682014,0.6229189125644212,4,-5.82,15,47,C40/50
3.503609889466996,0.47929696653430115,0.47024791871558413,5,-4.23,29,57,C40/50
4.80048336064018,0.6192793040532817,0.1336349493376281,0,-5.73,19,45,C40/50
0.1677995565023632,0.2564468961975887,0.3714286027109917,1,-0.64,18,31,C40/50
2.3712500823103237,0.03065350713868695,0.084082323713879,0,-1.25,25,58,C40/50
4.542675132719031,0.8740220830209262,0.6509590027979157,5,-2.71,26,30,C40/50
2.6653764916639004,0.08517741690938258,0.5069148778091589,5,-4.51,17,55,C60/75
3.196433709018441,0.6682262793172483,0.7778278162793472,5,-0.48,11,53,C30/37
2.401890511133124,0.17414187469537518,0.7064457248813074,3,-2.81,26,32,C40/50
3.6105218255930813,0.8763283871911441,0.5266742245548074,4,-0.62,22,23,C30/37
2.7920483987455844,0.013603059932252165,0.8572389162017827,1,-3.55,23,43,C60/75
4.221411804261792,0.042192568394023716,0.9895511937984366,4,-3.85,24,49,C30/37
4.685012099813686,0.4732991189898793,0.3695845478016073,5,-1.79,17,26,C30/37
2.6581731076840045,0.14293283333115223,0.4982081199141956,4,-5.64,26,29,C60/75
3.6578980911424734,0.1520407907271554,0.1775356350345038,3,-2.41,17,36,C60/75
3.6183732863474165,0.839090935185577,0.9130469350474791,1,-1.07,23,58,C60/75
4.658793139691867,0.035677507652831335,0.31015233051412067,2,-1.41,21,45,C30/37
3.741080879453121,0.7635616137414158,0.2851475555568426,4,-5.66,19,43,C40/50
0.3260620508188533,0.48681482065504644,0.3990659378029493,2,-3.82,16,45,C30/37
0.2578351375356612,0.30996415724858184,0.34168821420378725,2,-5.89,25,46,C40/50
3.8127244107879417,0.2044839121987429,0.31855305854842286,0,-4.39,11,34,C60/75
2.4065090513719505,0.4637929794584752,0.16656303200965555,4,-2.34,17,56,C40/50
4.2056861771812954,0.5049987669374881,0.06376724101197777,3,-3.2,16,32,C40/50
2.9157939814689247,0.6307396514565847,0.3840936340810806,5,-2.44,25,34,C60/75
4.808346321289726,0.5100696153824109,0.8584038591746455,2,-0.1,23,46,C30/37
1.9193089731418072,0.8440811768064693,0.6855412032072699,4,-1.5,16,38,C30/37
1.6037918054563045,0.3304307879495693,0.41993931438637216,1,-4.33,28,24,C60/75
3.419186282569475,0.38222706261186473,0.954537283035299,6,-1.01,29,24,C40/50
2.475076752331912,0.34663846392136083,0.43682749862147086,1,-1.37,26,42,C30/37
3.1729298695310537,0.6916823643656365,0.7918757970265736,6,-0.49,10,36,C60/75
4.321374083395745,0.9622919087643165,0.8596483486328655,1,-2.46,20,38,C30/37
3.4142814066927225,0.5083069045730703,0.35098570326038,1,-4.84,12,51,C40/50
0.8750345770903476,0.5974153611658659,0.2465294355232574,3,-1.07,15,46,C40/50
1.8286340640424956,0.624949480303628,0.9785351607715537,3,-5.42,19,24,C40/50
1.6420214311265713,0.7997687194603131,0.5764198059269915,1,-5.28,22,24,C40/50
3.081611896182001,0.07727423036528457,0.46746140909444656,3,-0.94,12,53,C60/75
4.389937650610294,0.9762039714436896,0.6765057814363064,0,-0.13,24,25,C40/50
3.5215870920089536,0.07285062584363185,0.156436527851936,2,-0.04,29,54,C60/75
0.8539392629623834,0.6145301991118252,0.22030317984066533,4,-4.33,15,55,C30/37
1.7163443201167359,0.002217039869973915,0.46840856287229055,5,-0.15,22,37,C40/50
3.0295006876141963,0.2877956026329186,0.47299357965314776,1,-5.81,12,50,C40/50
3.15056214455756,0.6546053701118498,0.3403968241358303,6,-3.19,20,37,C40/50
0.010323093152167525,0.7125323597433734,0.4849130949282869,3,-0.23,23,36,C40/50
1.2415771896330317,0.720660522245791,0.33504284652773697,1,-1.51,11,58,C40/50
0.22360943321564256,0.4217979118983545,0.14292352217187249,1,-2.46,10,49,C30/37
4.422592543298368,0.29904066765236437,0.765680106759285,3,-3.37,25,33,C30/37
3.016175982236964,0.10612328920273538,0.5782934402391119,4,-0.42,30,45,C60/75
0.18431103232036095,0.7686955334735239,0.4608247466586387,2,-0.61,10,55,C40/50
0.11917344338316355,0.6877467445255998,0.6454977035762669,3,-3.02,19,46,C30/37
3.9431437368145583,0.8585951450355734,0.30102798577684314,0,-4.08,22,22,C60/75
0.6205193895878818,0.6028996043543502,0.6501486871794063,6,-4.56,18,33,C40/50
4.973773705134884,0.9592897547986641,0.9811412320830679,1,-3.7,21,39,C30/37
2.1687760174922492,0.2708387459371481,0.4158069819397328,6,-3.5,13,23,C60/75
0.1723512716690875,0.805463431986423,0.29278716506953717,1,-0.31,13,28,C30/37
3.8052339723754742,0.67783642312229,0.07702330427556206,0,-0.34,28,52,C40/50
0.49041575796185405,0.8136784670085178,0.17672227724868117,5,-3.57,13,57,C40/50
2.355056980507402,0.18718169213129612,0.6458954660989051,4,-1.48,27,27,C30/37
3.9097494665515153,0.36665759632318934,0.7949952658210289,0,-5.35,18,56,C40/50
1.5103810834195341,0.4555620103970796,0.5870929370331991,4,-3.8,26,58,C40/50
2.6327086897923175,0.837870969942818,0.5125052896253502,6,-3.63,11,49,C30/37
1.3163690993580808,0.690538900569845,0.7675730462639272,4,-2.4,25,45,C40/50
0.23411382249375365,0.3983219059391202,0.26864629281675745,5,-1.95,22,37,C30/37
3.3100409614175117,0.34746858618840276,0.22512300406713892,6,-2.8,27,44,C30/37
2.3279842989794046,0.055438181069937004,0.9489662065917296,5,-1.14,16,24,C60/75
4.7782881878335,0.7315918433317691,0.37448195239717813,2,-5.61,17,56,C30/37
2.0366854514289496,0.3679802335546573,0.3223397804994617,2,-4.73,16,42,C30/37
0.3366607542057601,0.20287063719654175,0.11813860510067838,4,-5.85,18,24,C40/50
1.3989873879603794,0.6864579209650493,0.3704336784538187,5,-1.32,18,27,C30/37
0.19339754419160995,0.42602387160930827,0.4961203076715945,4,-2.3,14,31,C40/50
0.6369488627778337,0.925556057113604,0.5421608593755362,6,-1.92,24,55,C60/75
0.4018389874994257,0.08766588873304124,0.6777180052492724,0,-2.68,12,23,C60/75
2.161275042371101,0.186235332771438,0.36182553941263546,1,-2.59,17,47,C30/37
4.793553399319489,0.10774219159029765,0.8417433366946088,1,-1.09,18,24,C60/75
2.9141615024016114,0.5439924929672,0.8695306765298971,6,-0.01,26,44,C60/75
0.5044214791634528,0.3196099374098435,0.29985132096073863,2,-3.35,29,23,C40/50
1.6503354960879337,0.18301917885446695,0.10598384139523817,1,-1.64,16,40,C60/75
3.866682733713854,0.3738881551976193,0.3997590971793222,6,-0.47,24,25,C60/75
3.5165691854219245,0.16434731326513075,0.7245075600947484,0,-3.09,21,34,C40/50
3.830116679608917,0.980681673612371,0.3877618515584543,0,-4.6,28,31,C30/37
2.9860626806268424,0.785167879924718,0.685719830752732,5,-3.81,14,22,C60/75
1.907543712768043,0.4071069689804637,0.9276632867387253,2,-3.77,11,27,C40/50
2.3946624075990632,0.3649471928985999,0.6484995071930426,4,-0.11,15,25,C60/75
4.460884363412919,0.2858319991514221,0.9504604794519197,3,-1.56,11,27,C60/75
4.824536219612877,0.7596055184820613,0.7589490923216989,3,-5.34,15,48,C40/50
0.017676601810713354,0.6536320956597782,0.6140917702443454,2,-2.3,12,40,C40/50
3.774118543174889,0.31482465348854605,0.17461804775833345,6,-1.8,28,58,C40/50
3.5277563524639937,0.36860708182330293,0.4082686700108986,6,-5.06,29,28,C40/50
3.4067196306045244,0.006710916418361809,0.31625201112575846,5,-0.76,24,32,C40/50
4.554867111175013,0.476950540862854,0.6906785194701668,1,-1.17,19,27,C60/75
0.4958669425767103,0.8644387769321099,0.8514338989931858,2,-2.28,17,49,C40/50
4.081616738087452,0.9559339207890806,0.5230989859082283,3,-5.28,30,33,C60/75
4.285548680190882,0.9545300440597126,0.4770477128311552,5,-1.85,13,27,C30/37
2.9440225674520897,0.9823204729907911,0.05454661232513012,5,-0.27,11,50,C60/75
0.3343265398753832,0.6591397181137811,0.3109456226565826,2,-1.76,14,22,C40/50
2.811947574663291,0.5267946097023276,0.8367060528195903,1,-1.33,25,20,C40/50
4.711902153718449,0.5668780310357904,0.05774023679796625,6,-5.46,12,29,C40/50
0.0397791244852792,0.9125987350358139,0.9702422601645092,3,-2.37,29,41,C40/50
1.4251068292804978,0.20350136045312367,0.9263810115275428,2,-4.6,19,41,C40/50
3.649359736947261,0.5796789143735881,0.2673664520936771,5,-3.28,10,27,C40/50
0.9179566531131664,0.9605684809963126,0.6602485082769626,2,-5.62,12,57,C60/75
2.217744767499074,0.8044320657695715,0.8181112729841227,4,-5.6,27,23,C60/75
3.8931070360622018,0.9929053602317506,0.8649422404992068,4,-5.75,20,26,C30/37
3.5612223022876326,0.11074257763765463,0.28576454961217246,1,-1.32,20,47,C30/37
2.57527240054489,0.21260751526573507,0.6124722946194818,1,-1.76,13,50,C60/75
1.3471866599308404,0.004973467562793926,0.7380437130368387,2,-3.85,14,41,C60/75
4.741066751437532,0.3286692839332539,0.9982151745612067,4,-1.93,21,55,C30/37
2.0661254604830934,0.01050340952115372,0.7619903364724353,0,-5.2,21,49,C40/50
0.6470286365284921,0.9021218525753445,0.4590942592603735,5,-5.16,16,36,C30/37
4.090089278518411,0.32439278856950593,0.17024626958361722,0,-2.13,15,55,C60/75
1.515811415709065,0.6477156028654266,0.8714613932125106,0,-4.73,23,59,C40/50
1.4315493661521077,0.5288366082998506,0.2811650857962446,0,-5.93,21,21,C60/75
3.4423887455300886,0.616785673597145,0.10971735752852985,2,-3.46,29,29,C60/75
4.1279750296925215,0.8841910303974932,0.1963243037330466,1,-4.25,29,48,C30/37
0.39285486939321296,0.741568923642362,0.08701589605829302,3,-4.22,20,39,C60/75
3.1264710149818526,0.17869823513330305,0.6837421603042643,3,-5.77,15,51,C30/37
2.9347008783134134,0.513165292335673,0.8060520302125741,4,-4.93,27,23,C60/75
1.15277491972573,0.19793688282929614,0.4471296852947065,0,-0.78,13,40,C60/75
2.2445285697325597,0.17913269695949882,0.4112775483003186,4,-1.81,20,29,C60/75
1.6643653237160452,0.930204211434833,0.515931608090623,0,-0.8,22,55,C40/50
1.252585308052641,0.5725435961420982,0.36883297561563794,5,-1.08,11,50,C60/75
4.271100650780638,0.4915539271070798,0.11941584973588262,0,-1.67,18,58,C60/75
1.3351213198780516,0.4177812957738483,0.5663100321075264,5,-4.17,26,25,C60/75
0.2992319908373112,0.02593667152129744,0.7005646319709623,3,-1.61,19,28,C60/75
0.18899066374195228,0.44319941637932614,0.6574131005369198,1,-1.87,22,36,C60/75
1.538870355210416,0.6335621584343242,0.4025015910307667,3,-5.33,27,57,C30/37
3.113396329405233,0.7163468081149772,0.12726078927504936,1,-2.88,23,21,C60/75
0.20031665154067435,0.9788120964209635,0.23419805325530912,2,-4.58,27,58,C60/75
0.725025925535852,0.7325137193873293,0.6204959507482971,6,-0.83,18,23,C30/37
2.3368119550988546,0.24394916653805152,0.25806768225380966,4,-3.25,23,35,C60/75
2.230888932269531,0.14535181627033286,0.10150733080480476,3,-3.21,18,59,C30/37
0.8632616318258204,0.9883374704056338,0.8635117385208166,0,-4.98,27,20,C30/37
4.3524711884262866,0.12426342690688426,0.6556632760087691,6,-2.3,15,53,C40/50
4.921865875086079,0.10825273019980793,0.10615004650747557,5,-4.37,28,53,C40/50
4.194011665088727,0.13470867054644153,0.5719970782136751,4,-5.69,11,53,C30/37
2.0132115868423703,0.6725215950739133,0.7851599453441888,2,-0.39,21,58,C40/50
0.8314748590173792,0.25793006836852317,0.565392933053325,5,-0.83,14,27,C60/75
0.8158972145868006,0.18975924692878574,0.3033072299666534,4,-0.32,19,42,C60/75
4.056241096453847,0.8186861532278883,0.08774083588636145,4,-2.35,20,46,C40/50
3.8238200136868974,0.49423684451018013,0.956366496820013,4,-0.71,27,58,C30/37
0.7419324175763508,0.34111022053346013,0.2258368221657721,3,-4.9,17,29,C40/50
0.12761399683358537,0.1465056854664654,0.2785630057315302,3,-4.86,23,25,C60/75
2.808874111669472,0.9422069950210403,0.8186945549761374,2,-1.13,16,32,C40/50
0.7929916918299531,0.28673191489517946,0.1501240155717169,1,-4.08,16,26,C60/75
0.9391510001311365,0.08380481447018134,0.07084495192268878,6,-1.19,12,21,C40/50
0.10904039419294458,0.8178245377534209,0.29052861120856494,3,-5.61,25,52,C60/75
2.4459276306198454,0.4107647436115844,0.9864376030047163,1,-4.53,21,27,C60/75
0.3087348262503516,0.2942242089135629,0.8738667431239323,4,-4.82,25,59,C40/50
2.7771441631897216,0.16300592222754762,0.7121132879056645,3,-2.96,14,23,C40/50
1.4230238267312054,0.7492529241993701,0.834347033952014,2,-5.13,30,25,C40/50
4.9906909279109195,0.19135774758143198,0.3514441181432103,4,-3.94,11,41,C30/37
0.8587706220649748,0.07527018475369714,0.7275831555186928,1,-5.91,21,47,C30/37
3.1876808594476858,0.702710570292492,0.3560937425747554,5,-5.84,11,46,C40/50
1.2287263582494128,0.9578649619039437,0.8860533915503015,6,-0.28,22,58,C60/75
4.5048244159444515,0.00783805842975037,0.3315427121766616,4,-5.4,28,54,C60/75
0.09075809622969458,0.5127723388532008,0.32545199081078247,3,-2.25,13,55,C30/37
0.16435853370744438,0.911219161645481,0.42720841411398697,6,-1.56,25,31,C30/37
3.6212761453609166,0.25117949405614143,0.530938114781386,5,-1.84,28,57,C60/75
2.1124736153885344,0.7974173556506854,0.7260246532543295,6,-0.4,14,36,C30/37
2.2066101407372747,0.0034769095007206848,0.7404708962778195,5,-5.47,29,30,C60/75
4.31007907367526,0.09364794932576076,0.38094368762472,0,-1.35,20,23,C30/37
3.7906223047773633,0.6347159486894736,0.8244515967918931,4,-5.56,19,44,C60/75
3.7511490344323106,0.6406631434561667,0.18432395530179524,5,-0.95,22,20,C30/37
2.001440410947057,0.5754364767630304,0.755379175175709,1,-3.94,16,27,C60/75
1.5930178188231758,0.6430548517123292,0.10125166330218223,4,-4.14,25,55,C30/37
1.285571474145708,0.9207840752095687,0.29459527188292234,4,-4.98,23,42,C40/50
0.5752074235301228,0.24528998311994538,0.8141462176636903,0,-3.08,27,44,C60/75
4.671797803939482,0.7217984650246076,0.14890634423973587,3,-2.57,29,25,C30/37
2.330138268760332,0.13809710731236974,0.45762419736882576,2,-1.05,12,32,C40/50
1.3543994468494929,0.7459286954658152,0.8299596680842554,4,-0.81,26,38,C30/37
4.736127913977153,0.7133690879922274,0.49471193368318744,1,-3.38,14,39,C60/75
0.9232696808854763,0.43253234754754977,0.06598877160015637,0,-4.48,21,23,C40/50
1.2207896492411388,0.7766697987044023,0.11299825262396941,4,-0.8,22,50,C60/75
2.25391688817908,0.887311098547547,0.2324856932084034,3,-3.35,12,53,C40/50
2.3068906898467283,0.8663896646112098,0.40185763094883936,4,-2.97,19,23,C40/50
2.3046296472363066,0.2785531611575859,0.2652614166245566,3,-1.41,26,32,C40/50
3.513814689615077,0.8651702500898751,0.7334814916285476,1,-1.13,25,21,C40/50
0.08536014695917088,0.23050818741858708,0.6964477753387971,5,-0.78,16,29,C30/37
2.3975920420539696,0.2770783150157624,0.34308116874858546,3,-0.82,23,38,C60/75
1.498915419385971,0.783904812461663,0.4442494602772039,1,-3.73,28,21,C30/37
0.7471500854820299,0.2168457168745865,0.5915559775294736,5,-2.55,25,29,C30/37
3.0729387070176797,0.0412403569476936,0.7166808548309386,0,-1.91,15,32,C30/37
4.155005856945227,0.3787760543344061,0.9997274522071147,4,-1.16,21,42,C60/75
0.17504860956453622,0.6834732267686376,0.6279429241502485,5,-4.79,12,32,C60/75
2.7358358147266926,0.07469679792336541,0.3269821814096435,3,-4.85,20,53,C30/37
3.998654347496386,0.3326791499259328,0.6745800813008554,3,-5.7,18,55,C40/50
3.8612541292134224,0.3456664500735216,0.33848585685290095,4,-4.91,18,23,C40/50
1.7138606610672358,0.8952406588999776,0.49692371793047396,6,-0.91,21,59,C40/50
1.4686248447968486,0.15793505322079004,0.7130478117602622,2,-0.02,27,37,C60/75
3.4719671683240225,0.7655553119719892,0.9397292910548297,5,-2.94,24,34,C60/75
4.034106979121514,0.1260960958112045,0.89782798106784,0,-4.28,28,43,C30/37
3.8370028659571003,0.7870468516200875,0.9776806395765213,0,-3.18,21,49,C60/75
3.079770183753299,0.5396477875064348,0.3476241611196757,4,-4.4,27,22,C30/37
2.8611167578205565,0.8521894802843403,0.23742387947012655,1,-2.17,12,54,C30/37
1.914787240911766,0.344776409679124,0.37256785031835393,0,-1.23,25,33,C30/37
3.9939932584047364,0.5070704270844327,0.6598830320887835,3,-2.0,21,41,C30/37
3.8751489921371505,0.3910940977811822,0.31887782534686354,4,-0.96,11,35,C30/37
2.581926316279059,0.24958274639014133,0.976656750122305,1,-0.28,18,31,C30/37
4.335755107886875,0.2635275313224355,0.7202156611522458,3,-5.95,25,52,C40/50
0.599125963068835,0.7777804204077979,0.7449592738281955,5,-3.26,18,52,C40/50
4.873108997384952,0.7541482778172475,0.697670385381918,2,-4.91,17,41,C60/75
0.6500634369002143,0.101849401712757,0.9381660178238344,2,-0.09,21,39,C60/75
1.2312311466017802,0.4207148775995848,0.10288170546637013,0,-2.09,10,46,C30/37
0.8702351241921996,0.06534920541028226,0.09833989607794671,3,-2.4,15,37,C40/50
2.8965623303244508,0.01795262749327051,0.44872773592333187,5,-3.78,21,35,C30/37
4.118601818354487,0.9339679564106218,0.28406633319879154,3,-5.1,30,48,C40/50
4.748758528760574,0.23654345267700594,0.9245756316245399,1,-4.24,18,48,C60/75
1.019890843041771,0.19848486662315382,0.8315224103035711,1,-5.03,27,39,C60/75
2.539888655896852,0.9633986272371886,0.7836243481360761,5,-5.53,29,40,C60/75
0.31509497594323116,0.9239576538860013,0.8399773091270244,3,-4.65,11,49,C60/75
3.3749188477182877,0.8245474920684757,0.3389494781093677,1,-2.43,18,22,C60/75
0.9593453934392675,0.9149482785083336,0.6400018542561821,2,-4.17,12,24,C60/75
3.0403494724037494,0.5544975870063691,0.6665774216057878,5,-5.93,10,40,C40/50
2.6036025631321493,0.3831445246365821,0.984429605004571,4,-0.98,28,22,C30/37
4.729844651999651,0.06160816229008995,0.9295098257409443,2,-4.02,18,49,C60/75
2.2582239108293938,0.3606511393479536,0.09586908583734458,1,-5.95,12,43,C30/37
1.3439308458936101,0.8500999087218563,0.6348744822187681,0,-3.01,15,47,C30/37
1.996264445636563,0.4138692481866237,0.7978334029868637,5,-3.49,11,44,C30/37
2.200035960213648,0.9646584617377983,0.6321952862763195,6,-1.02,22,42,C60/75
2.4999293763326156,0.3180723315975458,0.5028986544360697,5,-5.35,17,21,C40/50
1.8848359500025114,0.23972064518780628,0.5799167053503312,6,-5.96,26,51,C60/75
1.5695513436112938,0.8999747950528738,0.22460799141485138,4,-3.33,26,24,C60/75
3.9723408807211102,0.02368541843096416,0.8653147575332943,0,-3.78,26,40,C30/37
3.251165622159464,0.6521936012712041,0.19315696335862714,0,-1.78,26,51,C60/75
2.059533645473378,0.862343770351895,0.9315675295596182,3,-0.33,18,51,C40/50
2.1445105835989255,0.6607240761579591,0.543606531354487,4,-2.01,20,37,C30/37
4.297874486840038,0.4111205882665123,0.5275931760779988,2,-0.42,20,25,C40/50
2.4579112835681856,0.6257426276869449,0.9444224546414438,4,-1.47,13,37,C40/50
4.785880438194746,0.8327432782384648,0.11652871700011054,4,-4.78,27,38,C30/37
2.127367699546825,0.02783002147880421,0.9004226840150041,2,-1.44,28,34,C30/37
4.062180687982644,0.16827895944533328,0.17629409388953415,4,-2.39,13,21,C40/50
2.833707214109256,0.11633707554846308,0.8668872565012751,5,-5.92,22,22,C40/50
1.5870618251267348,0.9152819376633657,0.8675294767855978,1,-5.31,20,28,C40/50
4.720637341254258,0.1295176239953709,0.2163237602433813,2,-2.85,21,45,C40/50
2.8584264127626735,0.19064483511300614,0.153120172276907,5,-4.69,13,30,C40/50
0.9514736379526118,0.056932844322265024,0.6028631862350481,2,-1.83,28,49,C30/37
3.6352507431004204,0.19225148553310692,0.3607675461286255,2,-4.26,28,23,C60/75
1.573515657572463,0.2259393692578106,0.9074995655382994,2,-2.03,25,57,C60/75
4.611865238297838,0.548611846165422,0.790671885776489,2,-0.05,25,29,C30/37
1.460168986873159,0.29847801988588196,0.39398569230230834,2,-3.99,18,58,C30/37
0.340066440437759,0.2335416237088385,0.8507618538185796,2,-1.97,26,42,C40/50
1.8413828431581134,0.031130638173121474,0.8939524993836954,0,-2.37,16,51,C30/37
3.0398178490215857,0.5294438097032022,0.21889454415569232,2,-0.23,19,43,C40/50
2.773304881870401,0.26629622230545974,0.803155858432049,5,-1.59,23,51,C30/37
2.63853844228285,0.6750279298228692,0.12057722473757883,3,-4.18,27,50,C60/75
4.83635759066549,0.9819568247749432,0.7330453855291116,5,-1.68,14,57,C30/37
1.1175697737521957,0.1205638635773509,0.7422415885162452,4,-4.29,12,50,C60/75
0.15502495291338095,0.6939212567101171,0.4723845507009717,5,-0.54,16,36,C30/37
4.996179619732894,0.45050371125717076,0.24102671669689363,6,-4.68,23,43,C60/75
1.6986863520179258,0.9790139702569234,0.9342514883728896,6,-3.87,22,21,C30/37
2.7331163236089573,0.770173237640105,0.2617183484761296,2,-1.18,26,21,C40/50
3.387161272004531,0.6059308600549927,0.9836881968662937,1,-2.47,21,58,C60/75
2.6296680086047837,0.7101374521995916,0.8785562463117944,3,-0.19,23,51,C30/37
4.318826482554741,0.4934517266821418,0.18639506800697891,2,-2.11,16,26,C30/37
3.629249352216254,0.49016929606125403,0.44610083774167625,3,-0.85,22,54,C30/37
3.0986834135887174,0.48958142520863857,0.6073017479896758,3,-0.12,15,39,C40/50
1.4187457355417243,0.35363495275311524,0.4992075555959626,2,-3.09,15,37,C60/75
4.54576166766001,0.5497624643279477,0.41940692943537955,3,-4.1,18,50,C30/37
3.7847755983876183,0.9582519290409202,0.9875817309424512,2,-2.02,23,51,C30/37
1.2820240532393727,0.46000875537186,0.25495526344830344,3,-5.08,15,52,C40/50
0.8410386458141479,0.5852469267263795,0.25340208557994465,4,-5.0,24,30,C30/37
3.3933510731022425,0.59406805563077,0.8359521988901862,3,-2.76,18,21,C30/37
3.204463564712381,0.8277632980054734,0.12454874545742575,3,-3.52,13,51,C60/75
2.466173393880307,0.05890306545821068,0.23914473580536538,3,-0.73,15,33,C40/50
2.1062132528363002,0.4581718021475107,0.7684675669649854,1,-5.43,14,27,C30/37
4.167062391097356,0.6783356551315658,0.5055847283599102,2,-1.5,14,33,C40/50
1.022302811206678,0.17251862460273834,0.5681570087047187,1,-0.12,21,53,C60/75
3.2567133301911584,0.6232797839709973,0.4493405301568262,3,-4.4,12,22,C40/50
2.8294940331662333,0.3387268434592745,0.2708489702083748,2,-3.48,20,47,C30/37
1.5088913100618147,0.2642659834402113,0.3047639311901167,2,-4.32,27,50,C40/50
2.6056794582309233,0.8012766796690329,0.32120623402328896,1,-2.87,21,44,C40/50
4.348133082283707,0.06405585635292373,0.7800701042748842,3,-3.36,11,37,C30/37
4.858083286032947,0.8472274941939776,0.19743743027267946,5,-4.83,28,37,C40/50
2.569745279554985,0.43607669730974213,0.6704605170325062,3,-5.26,20,35,C30/37
4.6625069998080395,0.40396612220485745,0.2659511357913734,0,-3.97,28,34,C60/75
2.130298242937309,0.4140629372751203,0.14639420544627277,1,-5.29,12,42,C40/50
4.514516235508195,0.8407672678533238,0.8880551912909138,6,-4.53,16,44,C60/75
0.48418396657641105,0.698436683758302,0.7963503113925532,5,-5.78,29,50,C40/50
1.0054875501628855,0.6291709124166641,0.24985027837855922,0,-2.78,12,32,C30/37
2.280209537104197,0.01241439623853442,0.22975760745256768,4,-5.55,14,46,C40/50
3.927815053558443,0.9346602829458379,0.21791266521658076,1,-4.32,18,49,C60/75
1.7734016721618646,0.6797060395290754,0.14543385628257582,3,-1.26,10,21,C30/37
1.381536142153725,0.14997495979699482,0.7109507309509031,3,-2.12,30,60,C40/50
2.79626634142581,0.12148342549515699,0.8721262525682704,6,-1.73,14,21,C30/37
2.020022223502071,0.8299841967608367,0.611870295678015,4,-4.27,20,47,C40/50
2.506516375273627,0.7351410337503065,0.8763838249396573,1,-5.36,11,49,C40/50
4.4790268589419755,0.7609961058536188,0.8048270061297408,2,-4.1,22,25,C30/37
0.4311616948365063,0.11910686969392996,0.29353006111082125,1,-5.11,27,48,C30/37
0.5879657208030459,0.13005749538076652,0.35499686840060396,2,-3.34,27,39,C40/50
2.384842093346535,0.14185584285107866,0.5329665111366335,5,-0.24,12,34,C30/37
1.0109037030722001,0.8495071621999313,0.2402157496672599,5,-1.69,23,56,C30/37
0.2258846619171579,0.24109785033159098,0.618216396867837,1,-1.62,29,57,C40/50
0.7378875245804093,0.5004396261040321,0.07342452776118225,6,-4.7,29,26,C40/50
1.6255611916214308,0.10936984803072562,0.313605073148882,4,-3.22,13,54,C60/75
1.7990080851835923,0.3852833772432727,0.40742801423907865,3,-3.68,18,32,C40/50
0.6913529477020035,0.9272012501722382,0.950918649275949,6,-5.08,22,52,C60/75
3.4762771012024096,0.452547129834288,0.8224193984502541,4,-4.94,18,45,C30/37
4.555796519147331,0.8256034472771712,0.7374256201150555,6,-3.62,11,43,C40/50
0.46964942783977914,0.4834251792687599,0.5445060903005023,1,-0.25,14,28,C30/37
1.3020900043562178,0.8564990167889682,0.46565146277153036,0,-0.2,30,46,C60/75
2.7107317466549774,0.7758465077946258,0.11594645166135578,1,-4.8,16,32,C60/75
3.1837243767197116,0.7144888562365701,0.5136487858554796,6,-2.48,27,57,C30/37
0.9291706698513834,0.7661803417804648,0.9534194580746546,3,-3.85,11,40,C30/37
2.028060679874587,0.6821877030535297,0.7580259195162492,2,-2.62,14,51,C60/75
1.1717859811783322,0.9680280056572982,0.7432651062553585,3,-1.47,15,28,C40/50
0.7674841073663754,0.0700091275219978,0.813788466144124,0,-4.34,17,33,C30/37
4.052948293205505,0.6178320620194012,0.450196225529946,4,-1.01,20,43,C40/50
0.5699864636316211,0.4807012409293774,0.6470227098292001,2,-1.53,22,25,C40/50
1.4123518737952026,0.2112933040786868,0.7942534697950029,3,-2.83,17,28,C30/37
4.568197174446121,0.8892172386519439,0.4317040407417648,5,-0.08,26,53,C60/75
4.361379938739079,0.35516261652169456,0.31497325390425907,3,-1.43,29,20,C60/75
4.5966292346635305,0.38647490676665514,0.9708798521367332,5,-1.77,17,48,C40/50
4.4702759741402796,0.24255473453400062,0.06265842275285763,1,-1.82,14,52,C30/37
1.4505628855093164,0.9369511246231491,0.9327836139678237,2,-5.12,12,51,C30/37
2.61932389318998,0.02688305276691079,0.6959018432851769,1,-1.71,19,46,C40/50
0.4865657521711677,0.527460831707643,0.5469117900739774,3,-5.8,11,33,C30/37
3.8700577629308404,0.4371534017837122,0.7638493185166555,3,-3.39,12,39,C30/37
3.085008857594411,0.8465075370829995,0.9885417611375152,2,-4.45,14,36,C30/37
0.43634485063425793,0.2698161918761215,0.3158425347004997,3,-2.2,12,23,C40/50
0.1998585384718094,0.12544132570352493,0.4221315923187776,2,-4.99,15,25,C60/75
4.301604273157806,0.3589459456883814,0.5335919324925205,1,-2.39,29,42,C60/75
3.1309374182987604,0.20826364590285298,0.483939143662417,4,-3.96,23,38,C60/75
0.28678416228229975,0.5343501725774368,0.4449430534245866,2,-5.05,22,57,C40/50
3.357808808214562,0.4777546437350664,0.3205510440826135,2,-5.55,19,59,C40/50
4.228117652827969,0.7696197644161007,0.57114024763256,5,-4.38,13,59,C30/37
4.706695659020376,0.9165683189188231,0.27728959976301065,4,-5.95,19,42,C30/37
2.6244787489186,0.09158514799447383,0.3462823359629271,2,-4.81,16,26,C60/75
2.65189270796749,0.6355422648133499,0.334030751928206,6,-3.53,19,41,C30/37
1.737993468323089,0.715470960606511,0.5829490595057699,6,-4.66,26,32,C40/50
2.0522580113198265,0.4647781766978253,0.35302698211361677,3,-5.57,23,59,C60/75
1.0350936173800336,0.8673823397598299,0.7790202245458814,5,-1.51,15,26,C30/37
1.1818846424821898,0.3625799164346972,0.5930352457771967,1,-3.25,23,57,C60/75
3.3767561254805574,0.4460320932685166,0.31784527900213994,5,-4.95,27,32,C30/37
1.8173330628458448,0.6063264862852747,0.9064665650579817,4,-1.6,10,37,C40/50
0.5814556896077959,0.15800060996348547,0.6703428911536986,3,-0.83,17,50,C40/50
1.371579999482195,0.3084118536518859,0.27290307453213,3,-2.9,25,22,C30/37
3.815590463914305,0.048333166714309546,0.16165179806797586,2,-1.73,26,43,C30/37
1.390066870412375,0.7867775177478712,0.553675867854449,1,-3.13,22,28,C60/75
0.6810082459362008,0.7400423065919846,0.39116847024053164,0,-4.49,25,59,C40/50
4.877410607121657,0.5236636189119434,0.7091508257775325,5,-5.4,26,20,C60/75
3.660151031461247,0.21089923847887862,0.3496374301936696,2,-3.5,13,57,C60/75
3.9471307734898775,0.8208166818381304,0.42100432323487647,4,-0.94,20,43,C40/50
2.3659023601405784,0.9183460945693789,0.6297754991058386,1,-2.38,30,48,C60/75
2.684502451785673,0.44239374938054987,0.06703696483641795,4,-0.2,19,46,C30/37
4.891947963402833,0.29520913486913675,0.22686921331526672,4,-1.54,24,40,C60/75
3.5817244305428764,0.5997899128761764,0.6323697189223926,4,-2.36,20,41,C30/37
0.12127162499669851,0.7009155191043229,0.5033643030572736,5,-4.19,17,22,C60/75
3.7885353204674805,0.2211106981492328,0.5831760306300213,3,-2.14,19,26,C60/75
1.4845422008281473,0.26767383735799644,0.7480270613478116,2,-0.5,12,60,C30/37
1.5984292255596082,0.38785871073291295,0.8087964130335091,4,-0.89,14,31,C60/75
4.374677712837726,0.1317461089120776,0.9912314020036455,2,-3.47,24,36,C60/75
3.829078449989551,0.6623644587070269,0.46193926663984236,5,-0.58,11,23,C40/50
2.075122978380869,0.3105390191752985,0.3410396004065058,3,-5.94,27,40,C30/37
3.2317577591470616,0.9442171618449443,0.8844661240917102,5,-4.85,25,44,C40/50
1.1286505032802183,0.72240222065937,0.18733019397994216,1,-3.46,19,49,C60/75
1.197951494617255,0.7198180570447232,0.12245495433534127,3,-0.32,15,44,C30/37
0.506382203229541,0.4811309081294815,0.5497885331090748,3,-5.01,18,26,C40/50
0.5238902387427647,0.577886092745181,0.49397365151387934,1,-3.05,25,36,C60/75
2.3527319291077267,0.8334531865397595,0.3664268672284299,6,-1.99,11,54,C30/37
3.3076725000141542,0.9219525265025669,0.7937706160694589,3,-0.46,19,44,C60/75
4.2940229020579475,0.8360406207276848,0.17847720310169485,0,-0.92,10,45,C60/75
1.1040665394085938,0.00806229456746402,0.27676329632703744,3,-4.21,21,51,C40/50
4.426837768826546,0.29684050692823916,0.7143603381079682,3,-2.5,19,54,C30/37
3.2883437446984436,0.9935458209882977,0.25596910147056695,0,-3.59,26,28,C40/50
0.21028026437068698,0.8005732043783356,0.8005939499525069,2,-4.99,18,29,C40/50
2.6957847087951716,0.5579431823216,0.367511938297791,5,-2.6,27,54,C60/75
3.3446816820534058,0.854172991985392,0.396142480286284,4,-4.38,23,31,C60/75
0.5449958769158265,0.1944014715109567,0.4059138342926428,3,-4.41,13,48,C40/50
4.359715433989358,0.7360839737451675,0.847703502388114,4,-1.06,12,40,C40/50
1.9469959755543647,0.23230935292689486,0.05370861854998625,1,-4.67,14,51,C30/37
2.41164007731171,0.03628923846497807,0.11176464421053386,4,-2.14,12,47,C40/50
3.6999781818924267,0.04449276582243918,0.7131598357491676,1,-3.17,19,58,C40/50
4.029597275266434,0.4992729890940386,0.6780791292527949,3,-1.11,24,38,C40/50
1.802232843150565,0.5763000778298624,0.13298451639315917,3,-4.31,17,39,C30/37
2.880341026902235,0.6042384922521801,0.1279733978589661,1,-4.86,15,48,C30/37
3.7699819187760757,0.8579374288841538,0.9979959870405842,5,-0.51,23,38,C60/75
1.0270489336282769,0.30785356382544304,0.6050394934779592,0,-2.92,12,25,C40/50
1.7886287723239098,0.6201881298468125,0.5413780699222855,2,-0.06,25,56,C30/37
4.139025811567593,0.5053519060697185,0.44284066394104643,5,-2.48,13,50,C40/50
1.7791787330637285,0.005867453685725238,0.9743935971348834,6,-4.07,13,33,C30/37
2.587185170443325,0.31308084010106674,0.6159150713394635,2,-0.67,28,29,C30/37
4.065602882955442,0.4195274264890929,0.6922272089271189,5,-0.84,13,54,C30/37
1.9809799941986848,0.03489856494914558,0.10765668893592215,5,-4.69,26,46,C40/50
3.489641114534696,0.44052291713375263,0.7754782391482502,1,-5.58,25,48,C60/75
4.104299101288983,0.9030403187808258,0.4522349756216986,4,-5.77,20,37,C60/75
2.7475826567432615,0.7294666414124853,0.5512923643476597,6,-1.0,13,50,C30/37
2.2995288506777696,0.4288092728426773,0.19854320563274747,2,-0.14,17,35,C30/37
1.9882362756407086,0.8902795408471441,0.624199924722211,1,-5.49,14,21,C60/75
3.2475151021976996,0.816520777387111,0.4907748448537603,5,-2.94,22,38,C40/50
0.7814065516424773,0.4479526362267007,0.5847912087968257,3,-5.29,25,23,C30/37
1.7503154672998866,0.580453945933252,0.9300641930151737,2,-5.63,27,48,C60/75
2.324572211794908,0.7486887768907958,0.9686381576231541,5,-1.62,16,31,C40/50
0.27576562898443047,0.7515934977962329,0.13754366651919253,5,-2.7,15,29,C30/37
2.0848689925790613,0.339757325957045,0.6263016468168054,1,-4.04,10,24,C40/50
2.562396146960204,0.6396598610463116,0.9735693155935955,5,-4.57,17,57,C40/50
3.6060223739945463,0.5954103751470947,0.707614842726747,2,-2.09,25,33,C60/75
2.983355281747617,0.8835045086587313,0.0971614983905259,3,-3.41,19,56,C60/75
2.9034096792644566,0.965653785544639,0.21094410956944076,5,-1.94,17,24,C30/37
1.3317629458856197,0.6228649491953203,0.9169310102143083,3,-1.69,30,41,C60/75
2.8174637568376912,0.238575663571077,0.4565903771295256,2,-3.22,14,53,C60/75
2.67566862113292,0.8680776104260044,0.4171210092044477,6,-3.87,26,39,C40/50
4.377803639690947,0.5517314863523602,0.5087186273485806,1,-2.61,24,44,C30/37
1.4853653481872016,0.6419252184657727,0.5115953384571492,6,-0.27,29,46,C40/50
0.9473828807607755,0.4230928026266634,0.22301590866305693,1,-4.89,22,40,C30/37
2.9244959431109914,0.3813411538515266,0.8621227216417324,3,-5.51,14,44,C60/75
2.311899842286442,0.9752132132879775,0.7035455621931864,0,-2.44,17,39,C30/37
3.7079869348414825,0.7088458091178104,0.41429777070236506,3,-4.8,15,37,C40/50
4.94218735939622,0.40244240140887455,0.3587646229922291,1,-0.37,24,36,C60/75
1.8533883061359595,0.17799291464583003,0.19098357256092946,4,-4.83,28,33,C40/50
2.0956051556380677,0.37466332919240264,0.34480487950038635,0,-0.55,26,57,C30/37
0.04220378885649524,0.6289990075359493,0.14781666377237335,5,-0.75,24,49,C40/50
3.574897785084286,0.6382081527102089,0.9093214115431895,3,-2.49,12,58,C40/50
1.086034896056992,0.7883802853987855,0.828713806620026,5,-2.82,29,28,C30/37
1.9222383362487965,0.14459049766313561,0.15777496201363245,1,-0.46,17,24,C40/50
1.147178518970853,0.0925578514425355,0.9622800219441477,5,-1.66,15,42,C60/75
0.6016180311164135,0.29225386644427065,0.9361517869340719,5,-0.89,11,42,C30/37
3.731949877457775,0.2148708636683018,0.35702446078105293,6,-1.22,13,27,C40/50
3.5379298620893387,0.08642949084705441,0.847049389811485,1,-2.72,26,59,C40/50
1.6459503176314414,0.15431862728283477,0.235935829662266,5,-1.88,30,25,C60/75
4.140405451385949,0.0762446284587747,0.08837104209992788,4,-5.87,10,30,C30/37
2.2206588043579716,0.1998903441008083,0.5170381066693538,1,-5.65,19,31,C60/75
4.495811913535722,0.9955156157407986,0.4793537136945849,6,-5.59,27,57,C60/75
3.0060233826873612,0.1817717032915429,0.9690374319023622,3,-5.13,12,41,C30/37
2.015570556524279,0.3057747521958205,0.6196864768739139,6,-4.0,10,55,C60/75
4.045740174821992,0.7781363179605781,0.5349244613000391,3,-5.84,30,35,C40/50
3.3975086042064486,0.6800741578211226,0.5405584432228617,1,-2.96,27,55,C30/37
2.174077770195566,0.4290266513162541,0.5289784189757414,5,-2.73,23,43,C30/37
2.821190259107179,0.533859549841611,0.10385830067983562,0,-5.8,16,52,C40/50
0.06371662053928916,0.3272547188278454,0.5942799735343439,0,-5.67,22,34,C40/50
2.9904243079812742,0.17119928702644546,0.6490790758151229,4,-0.57,24,43,C40/50
0.4633596442871952,0.7621940094176144,0.42706753957881677,1,-1.0,29,45,C60/75
0.8102436002619668,0.1485616836905855,0.9807275062230538,6,-5.85,15,54,C40/50
1.4049799841877861,0.5828568032622569,0.23881584793957072,2,-0.45,13,37,C60/75
2.8719248780904834,0.4661097420663537,0.9671275710727506,3,-4.73,23,59,C60/75
3.8851785867564796,0.9733781886155468,0.6225863644365376,4,-5.89,10,40,C30/37
3.445574185616831,0.9513275604277832,0.5044394067557485,3,-2.89,28,30,C60/75
3.277921582954267,0.22841097917908978,0.3491912786369818,2,-3.28,27,24,C30/37
3.703617139931716,0.046969790051757936,0.3057249583124397,5,-2.07,13,46,C60/75
0.8030533299720417,0.9137529324127193,0.2572337804452379,2,-1.96,19,25,C40/50
2.703411723895974,0.5039170637771319,0.10019939647233651,5,-0.24,19,53,C60/75
1.135458271622292,0.6761099853258401,0.5908545217083688,3,-4.12,24,58,C60/75
1.2631000080274304,0.9224241783949296,0.2045080639583084,5,-4.71,10,38,C60/75
4.765608426345531,0.812677965918469,0.549157059988722,1,-2.45,15,22,C30/37
1.2128714373812655,0.6745129545066209,0.9466247519950299,2,-0.72,29,45,C60/75
4.988092948857985,0.6859610891792258,0.7999297403826785,2,-1.08,21,48,C30/37
4.308502942525918,0.7989526157661824,0.2076764610185965,4,-0.32,22,21,C60/75
4.5865784709016015,0.011939170132498638,0.9485545546429868,5,-0.7,11,49,C40/50
0.265662010672134,0.4442416277234015,0.6817573651530524,6,-4.6,14,47,C40/50
0.6159909909167205,0.5300653167721326,0.36589855299040003,4,-5.52,13,31,C60/75
0.11090136614427634,0.25820064542494287,0.7463862082036998,0,-5.7,18,45,C60/75
1.3754654879097221,0.24742647413829155,0.8445998044734292,2,-4.01,28,42,C40/50
4.076021024975973,0.7385587844953886,0.4715993659659724,1,-3.4,30,34,C30/37
3.3664149026361856,0.998749828947195,0.29901742498678663,1,-3.04,16,26,C30/37
4.397746312060909,0.45724868785539685,0.5198086275421666,5,-3.12,11,56,C60/75
0.05917460698956094,0.8260118235754428,0.6291894265175675,2,-0.3,16,40,C40/50
2.7524372354372946,0.0576630133811332,0.7267210528756001,2,-3.23,12,40,C30/37
1.8709109203637793,0.17620757489966482,0.1397832616439351,4,-4.2,30,56,C60/75
4.284575126234371,0.4161638842154081,0.12606366897468319,3,-0.87,26,21,C60/75
4.279360588078238,0.5186509957744446,0.7770367625909066,4,-0.73,17,38,C60/75
1.192188352527911,0.7173469099336958,0.2517335337604589,2,-5.97,20,35,C40/50
3.4689668508697387,0.945687612187798,0.4573807034863435,0,-5.19,21,31,C30/37
4.0103215818030105,0.1692018317086027,0.6384606316890008,2,-2.86,14,31,C30/37
3.963048706855264,0.947572186190637,0.829684165377525,2,-2.21,27,45,C30/37
2.237308276003335,0.13296891581999196,0.8682132127012426,4,-1.55,17,59,C60/75
1.4418781887744136,0.10052408756534247,0.6032601243472772,2,-0.67,17,38,C30/37
4.366572038837811,0.8319600580749135,0.6372947239630686,1,-1.1,26,26,C40/50
2.116959355418721,0.20104089816193046,0.5881670730454395,6,-1.64,20,48,C60/75
2.6128799145092154,0.2507223020695368,0.39260159405601647,4,-0.3,18,47,C30/37
1.7678123182161425,0.29329375588831674,0.09172262964282121,0,-4.15,12,40,C30/37
2.8002537359294704,0.8696758757853986,0.6641143843968832,3,-2.52,21,28,C40/50
2.643981553254599,0.7558884786560285,0.8735361148227411,4,-2.64,16,46,C60/75
0.7799001003788509,0.43958141387444544,0.920468396293328,2,-5.78,19,39,C30/37
4.9798034030848335,0.380013107797462,0.7597930780258769,4,-2.61,19,27,C60/75
4.482420702810069,0.8774768320392556,0.3901716117804409,1,-5.41,25,44,C40/50
2.4440384297986215,0.00985664992979046,0.9317802232258492,0,-0.18,27,31,C40/50
0.3559354732615212,0.2401187667843283,0.5007303345832039,3,-5.57,24,38,C60/75
3.2380681303186765,0.0676040873209593,0.09341033422197934,3,-4.13,28,42,C40/50
1.743910813540582,0.10213315793758612,0.8524212991761239,4,-2.51,23,43,C60/75
1.655856760760365,0.7078611486132491,0.8908355596857285,5,-3.89,15,41,C60/75
3.167514546690967,0.08873645033732301,0.2624744462286411,5,-1.17,10,39,C40/50
2.7240717115219133,0.5678091148534278,0.2099721142808772,4,-1.21,15,32,C60/75
0.05062126991820176,0.3027046724239233,0.27949584850165793,3,-4.43,11,25,C30/37
1.142033299372943,0.6580109220649577,0.31130042958299725,1,-4.44,11,60,C40/50
4.651526008443756,0.9297261516356398,0.770722377487031,3,-2.23,15,41,C60/75
0.8392832888894834,0.39704615011004984,0.4412622665934627,5,-5.86,11,43,C40/50
0.9447261294630478,0.5208606026168789,0.691731190050125,2,-3.26,11,48,C30/37
3.8038288716189452,0.08962792158848397,0.833681756873753,1,-4.61,17,34,C40/50
4.150101891594379,0.051576913613699676,0.20097335364050606,2,-1.15,11,45,C60/75
4.907734040324755,0.001660337536195703,0.5694786639644472,2,-5.32,25,50,C60/75
0.07230803254956687,0.4548158607828508,0.21387946441443345,3,-5.15,28,27,C30/37
4.984138163867179,0.24807023174986492,0.9182591469117969,5,-1.38,14,37,C60/75
3.509561311084587,0.45327872985407613,0.33098938770904196,6,-4.75,19,49,C30/37
0.020265538544331215,0.743348037653967,0.6716202245645195,5,-0.08,22,35,C60/75
1.8767981249504118,0.651453860506599,0.39568218117545556,2,-0.77,16,53,C60/75
4.635892223836805,0.667557610406099,0.7408841744647267,0,-0.46,21,34,C40/50
4.003792551968176,0.6367349227114251,0.4933016120357279,2,-3.16,15,35,C40/50
3.1077570109599146,0.3201718055329624,0.9725928256576761,5,-1.81,24,49,C30/37
0.4101659006095888,0.9722963418991444,0.7347965268098714,2,-5.68,10,49,C60/75
4.2465239258847,0.5630899103258699,0.9456780406418633,4,-2.73,18,45,C40/50
4.174854641929157,0.739593401856298,0.6174832514247471,2,-0.89,18,51,C60/75
0.528628987988533,0.6842707287561397,0.9759558305714742,6,-4.64,18,51,C40/50
2.5596337700691625,0.03882186585625826,0.4042540963606668,0,-2.33,27,52,C30/37
2.893383963552536,0.33140892238304615,0.9148592936158899,2,-0.26,29,46,C40/50
1.6922013857711116,0.3346941627595874,0.887037955572736,1,-1.72,29,22,C40/50
1.4374070970382433,0.7906783776617807,0.9099136463636329,1,-0.38,23,35,C40/50
4.022052468347983,0.6481348165452122,0.10479791472061431,4,-2.17,15,42,C40/50
0.7030737646955478,0.4350034947403655,0.9219550626755504,4,-5.39,29,57,C40/50
2.21134430311546,0.4053731837638697,0.6442939422686939,5,-4.07,29,43,C60/75
1.3257201459991295,0.09929072598885776,0.6828940768089813,1,-5.83,12,53,C40/50
4.667627919775537,0.4227447911004009,0.13262032106995889,2,-0.93,13,39,C40/50
3.84231084800501,0.15656197321872928,0.9966997147506224,1,-2.63,13,33,C40/50
2.78774537626342,0.3127926271247606,0.1635024067490986,4,-1.19,24,46,C30/37
3.8587556013592605,0.03798059384950598,0.7440660531911674,2,-5.06,21,51,C30/37
3.210021650996873,0.470704939909686,0.36465039938437316,6,-3.92,27,45,C60/75
1.7805059155383154,0.7092742497652808,0.07552898318436149,1,-2.86,12,23,C60/75
0.36447932656196386,0.8068660843563464,0.1392338695482913,3,-3.92,20,25,C60/75
3.0658205749122347,0.9697202042113287,0.614756816255047,6,-1.15,20,34,C30/37
4.408974747007385,0.323193768511277,0.5866494761986997,1,-3.71,11,43,C40/50
1.7046918800081117,0.5985511936162278,0.2445576389220177,4,-1.36,15,47,C30/37
1.322162248567259,0.21581447581036808,0.3856549636221308,6,-1.34,24,30,C40/50
4.78492952677269,0.6136655371077948,0.4184548273991504,0,-0.49,20,32,C60/75
1.8672167029965627,0.090744219346575,0.19537260917885985,1,-0.16,16,38,C40/50
2.1591406531788433,0.734615693340896,0.7920752529147974,0,-3.54,28,47,C40/50
4.867618577284581,0.1604912068612265,0.4226678944357666,3,-3.98,15,43,C30/37
1.0759990002848177,0.49765974178810735,0.1857076588089423,6,-5.54,10,54,C40/50
1.8248475954543766,0.018534831864163156,0.7302416219556991,3,-1.98,21,58,C60/75
3.2659152596787195,0.8713141326974312,0.8380137687305406,3,-0.11,23,40,C60/75
3.430008720243924,0.28152148753905865,0.11003342317107107,4,-1.92,25,53,C40/50
1.935716316577816,0.6897108967188056,0.11393499035363595,5,-2.91,23,53,C40/50
4.900516965439262,0.737843726022883,0.9630356961322462,4,-4.1,20,38,C60/75
4.019673613827607,0.21992507830374053,0.17293960189007357,5,-0.61,27,35,C30/37
0.9323347969760682,0.5813119382668988,0.07805180356584512,6,-4.37,16,29,C40/50
3.2443718747722423,0.830446485815013,0.5816729551022125,3,-0.03,19,33,C40/50
0.8487070506447546,0.4491802614597177,0.8080970919503792,1,-1.45,26,57,C40/50
1.7580152265241429,0.9101757610539,0.15967670991822125,3,-4.04,15,51,C40/50
1.0647059947108826,0.6032585531934123,0.0900519458419042,5,-4.79,29,34,C30/37
0.3876297189203609,0.4681597489793722,0.20858320441836375,6,-4.03,17,57,C30/37
1.544362866644637,0.6268753897459204,0.1368598804877027,1,-1.04,27,22,C40/50
2.690614123168106,0.39648041394242833,0.7807092966609933,0,-5.5,21,60,C60/75
3.680537592904302,0.29730844585289257,0.7235954093108615,5,-6.0,23,52,C60/75
2.8522907558994417,0.5313405327249946,0.3274201317782753,2,-2.81,11,43,C30/37
4.009266884285678,0.15156803394301893,0.625430194474481,4,-3.83,25,38,C40/50
1.6791515153387906,0.4242764050763972,0.7357145204581218,0,-0.34,22,56,C60/75
3.1188746173711266,0.8085283972208349,0.8063500814404919,5,-2.74,22,24,C60/75
3.02209000637272,0.8027989838513224,0.25922771900131697,1,-4.62,14,44,C60/75
0.14409828950812528,0.5842434841323546,0.4384008392420558,1,-3.79,23,43,C40/50
3.5536343339369663,0.23553166225720817,0.06938423284021905,5,-3.43,28,39,C60/75
4.8181435975624565,0.23494771798917868,0.10819463517349717,1,-3.76,20,54,C60/75
4.539930136402908,0.5379977647952526,0.8750648723998471,5,-4.63,19,52,C60/75
1.4770389642515753,0.10562073404941373,0.5466725910932138,5,-3.75,17,42,C30/37
0.4204902265490911,0.8601686378741169,0.6756965964311163,1,-3.06,28,24,C60/75
2.998518062556035,0.26569821456625436,0.29791117350971685,3,-4.02,12,51,C60/75
4.682709707291908,0.32661865109841237,0.9852851087632079,1,-0.59,25,32,C30/37
4.531732975939982,0.5913395477615067,0.6308984191350608,6,-2.04,23,49,C30/37
0.9958774871615407,0.7065790883005294,0.5958559834870462,4,-5.9,14,54,C40/50
2.349172342492275,0.5963414725171492,0.3578076994472069,1,-2.84,11,50,C60/75
2.279797505240333,0.6455043460254238,0.8388281585320351,2,-0.96,23,29,C60/75
2.1227040195215396,0.5683640807348107,0.8272991073950717,3,-1.95,15,44,C30/37
3.2944395038378675,0.4347116132965858,0.636593061062757,5,-1.76,11,30,C40/50
0.6686430593358749,0.2756424017897769,0.15499502751258049,4,-1.34,20,50,C60/75
1.4577248911970841,0.670381926161756,0.5853626241922616,2,-1.06,18,24,C60/75
3.721218464427645,0.28967859931985757,0.15109046207395982,4,-5.47,28,47,C60/75
3.4834984016543844,0.34256878503187416,0.48861638486368547,4,-0.81,23,42,C30/37
2.9761331035593077,0.46914943805641324,0.37325332239405484,3,-2.82,25,41,C60/75
1.092246205538984,0.7802293906673616,0.5759987353712187,4,-5.48,25,40,C30/37
4.436668914173473,0.7841343129646454,0.11161564027637544,3,-1.37,26,39,C40/50
0.2425326424584681,0.9996444809813647,0.9056888667772063,2,-1.88,30,46,C40/50
1.7496475524732151,0.39331672338548207,0.6541984506947517,2,-5.11,28,57,C40/50
3.666379463805912,0.27497551655853236,0.07593145021133842,2,-3.4,16,52,C40/50
4.449198015974719,0.43033941632449546,0.5736827249413744,3,-2.06,13,41,C30/37
0.44561827665301246,0.9268372502807001,0.5018540150259695,1,-2.89,18,51,C30/37
0.82755385466405,0.8219246693375543,0.5614059915941917,1,-3.98,26,50,C60/75
2.7411546904308,0.7964942417216787,0.788232899943878,4,-4.15,21,31,C30/37
1.6663509053946812,0.2617972782454373,0.2055992271964011,4,-3.0,28,25,C40/50
3.6030131192586703,0.5833769147425298,0.7483231360739047,3,-1.65,10,23,C40/50
4.430714207022756,0.8077822016647797,0.2987989383831546,6,-1.84,29,21,C30/37
3.7976649082129343,0.3906768717938545,0.4895775644997777,5,-0.97,23,54,C40/50
1.2739232141626031,0.024061389329226752,0.8559433383634859,3,-2.57,17,40,C30/37
1.5033453961009278,0.369804856830864,0.2891482297594846,5,-0.36,25,59,C30/37
3.951757438507974,0.6109469676283281,0.6396266544107673,2,-4.16,11,36,C30/37
0.27499536946634295,0.8555262322481684,0.2741629891500547,4,-0.72,27,41,C40/50
0.9684499878404302,0.3775362954177314,0.5203978071306737,2,-3.17,27,33,C40/50
2.9506495230519314,0.5091179150009044,0.6217980024427978,4,-3.32,15,47,C30/37
0.08272615353762204,0.37291691722530795,0.9595497085139001,4,-4.36,13,55,C60/75
1.298631497961826,0.052842482364111314,0.7023588436415473,3,-3.6,21,41,C40/50
0.9944431751360671,0.8988676147087457,0.5097263259094515,1,-2.2,21,37,C30/37
4.936314241266414,0.10400309057538996,0.9892195228713649,3,-0.58,29,47,C40/50
1.0476418809301624,0.18475543715671414,0.8900593350457952,5,-0.21,28,37,C40/50
4.622607532809292,0.9094750896200451,0.7874130604766788,1,-0.43,21,26,C30/37
0.3143305546531241,0.6097030612621822,0.3605678749573946,4,-5.17,11,43,C40/50
0.5187703617470543,0.8433881053786579,0.7758938776517139,2,-2.5,16,60,C60/75
0.3974669443012007,0.9898513801637231,0.16927554347254395,3,-2.41,11,24,C60/75
0.15331696483217241,0.23719572316722243,0.24545367943913726,5,-5.25,12,28,C60/75
0.10328369140959809,0.5697633240985129,0.28188616375014175,2,-2.1,24,37,C60/75
4.831808300180952,0.8947905671634737,0.5561356439136512,6,-2.08,28,48,C30/37
3.322784110063774,0.2733828714223154,0.6514745590282778,3,-5.88,11,36,C60/75
0.6625873127437726,0.5930758753510158,0.6688823529288286,2,-0.95,30,26,C60/75
1.4074916907896726,0.45149624366223284,0.18022413388250696,5,-0.56,13,23,C40/50
2.847151774545101,0.5537856545630522,0.7523260577306917,3,-3.9,20,28,C30/37
2.764969709414349,0.746925001510701,0.38304092059264316,2,-5.44,29,56,C30/37
0.6250117570293924,0.718083697966085,0.6792939555906438,4,-2.67,15,24,C40/50
3.464315841079981,0.6123154485756213,0.7515834722648301,4,-3.64,27,48,C40/50
4.929092727723493,0.7038124685534278,0.9472947473985901,1,-3.17,22,49,C30/37
2.664769675499489,0.6925373696805173,0.8766759634189077,3,-0.52,22,35,C30/37
4.732104919451049,0.9864824947556065,0.27450308172988114,3,-0.67,20,58,C40/50
4.918818132322954,0.20949939314189334,0.7068864567407058,3,-2.29,22,37,C60/75
1.611479838634404,0.22458871924737916,0.556917939355811,3,-3.88,23,28,C30/37
3.16203193404341,0.0507006296566457,0.4911018247672732,1,-3.84,26,58,C40/50
3.454946231412,0.2828770292273679,0.12965179206956387,5,-0.54,22,47,C40/50
0.7880257955364968,0.8146985383320119,0.6996689953967087,6,-5.3,26,31,C30/37
3.301343143464334,0.6441944138943045,0.20283094029071425,5,-3.35,11,39,C60/75
1.7098836977993912,0.7117212898194436,0.4390198722281686,3,-4.26,23,32,C30/37
2.689423646160971,0.987706624827208,0.0811240291653833,4,-2.63,16,59,C30/37
3.0465206061588592,0.06241552890528851,0.1483066517879551,5,-5.52,22,59,C40/50
4.1631826609013505,0.4628502657917333,0.8493330045321771,2,-0.9,16,33,C30/37
3.229454728467588,0.94930496161219,0.7231758569816243,2,-0.85,11,24,C60/75
3.6536564242565968,0.06630800663361348,0.17969313729342762,5,-3.62,16,31,C60/75
1.3125058553778657,0.44571150739685805,0.20182910785853259,3,-1.26,24,21,C60/75
0.20939154856312955,0.5563175107139979,0.9940941233032073,3,-3.56,26,34,C30/37
3.7383801022662406,0.863185097740948,0.754188614349555,2,-2.88,15,36,C30/37
2.1391952628820925,0.11572423792450494,0.25626421236674213,5,-3.24,13,30,C30/37
3.7614166731476772,0.5157133079745428,0.3019801693052279,4,-4.22,13,20,C30/37
4.199231323602556,0.27263620301783537,0.7532618579098994,0,-2.09,24,33,C40/50
4.842023921557416,0.8790161794997684,0.5748450705047494,5,-1.28,19,60,C40/50
2.3615443399273124,0.7897721888489136,0.3751452701321057,5,-0.29,13,20,C30/37
0.3457066343975807,0.9377570141380372,0.6424571423461832,5,-5.8,27,41,C40/50
4.828781516228837,0.255764342044431,0.5373412230246525,0,-5.53,11,22,C60/75
3.9868667240899835,0.9079291995282264,0.30429881051523594,6,-2.95,17,36,C30/37
0.513958600027821,0.795188118499292,0.8851316955298215,1,-3.42,29,44,C40/50
3.1034639943318383,0.9916671946278774,0.5547985495497886,4,-5.41,30,58,C60/75
1.9307252743568473,0.8882962301922339,0.33466240812316184,4,-1.75,18,56,C40/50
2.838234060851396,0.1283847699494647,0.12579275827466702,4,-2.16,24,24,C30/37
3.3528020631234936,0.5172259759140075,0.6336317591562046,1,-5.09,22,52,C60/75
4.148978171531254,0.9432737713030149,0.8259628818668385,6,-3.65,12,56,C60/75
4.912812776997501,0.9500805266914899,0.24205206261051265,4,-3.67,18,31,C60/75
0.04782557922789272,0.5356778939989327,0.32873759725692353,4,-2.13,25,34,C60/75
0.7173760242483328,0.26838501223705036,0.6730117373318587,2,-4.59,24,52,C30/37
0.7337962852323789,0.40184925583372394,0.8923495789253231,3,-0.92,29,51,C30/37
3.345846825865086,0.8228408822529095,0.3369187676059879,4,-0.63,10,34,C60/75
1.6059158996626044,0.8037253144673192,0.8436781935934784,1,-5.75,14,41,C40/50
2.974194038785383,0.37669794874058415,0.6740123315509846,5,-2.01,28,33,C40/50
0.9036187692948304,0.1134968228297678,0.7698203931739069,4,-3.31,25,59,C40/50
0.0988833870591903,0.34051202383511736,0.08310796384748513,4,-3.02,24,27,C60/75
0.35291649488216,0.2539484204555955,0.4994135785205955,3,-4.19,24,25,C60/75
1.9635476483278556,0.5885877693503123,0.7817290789717537,3,-5.01,20,29,C40/50
1.9415530977316493,0.8823565377658464,0.05016347206020126,0,-3.96,24,39,C30/37
4.041927983744678,0.6311745311667344,0.8200219871847639,2,-1.35,19,25,C30/37
3.179141234269658,0.9193878501242905,0.44638429981674693,4,-4.18,23,35,C60/75
4.391166492062839,0.9709462252904315,0.6803191592521415,2,-3.43,22,49,C30/37
1.9922372603011351,0.09795813847459316,0.7155324923217501,2,-2.33,23,54,C40/50
3.2741240730137444,0.8917804958490517,0.8807961353574147,2,-2.34,20,22,C30/37
2.5138630452718855,0.5141572287223906,0.07125959347034161,1,-2.68,28,27,C60/75
2.4258252779367355,0.9001040964820242,0.6413908317374447,3,-5.23,13,54,C60/75
2.6726303289295377,0.9847826681978417,0.889740374885966,3,-3.52,14,31,C30/37
3.8484911535074025,0.13900879996922375,0.32270745121201927,4,-5.45,26,39,C40/50
2.0881681392254525,0.7582537181872646,0.48783205748773484,1,-4.65,20,58,C60/75
0.07976571488666423,0.574825608282177,0.06040393014684163,2,-3.81,24,52,C30/37
1.8067105410929698,0.375615087552799,0.16114695269384907,2,-5.49,17,28,C60/75
3.9773476243837163,0.5871050821176145,0.3629561349030006,1,-1.23,19,29,C40/50
1.555598225589936,0.08402577916716468,0.4647291006006095,3,-0.63,18,27,C30/37
4.269139210575151,0.5708297696994072,0.9520637818152241,4,-5.98,20,57,C40/50
1.1646351932941994,0.538926819309419,0.8931713709767432,2,-4.52,21,57,C30/37
3.7477563424029188,0.40862488634692445,0.480314027189189,4,-1.46,25,46,C60/75
2.154506175711432,0.11489706867620474,0.37729351197092165,6,-3.71,11,53,C30/37
1.1788205387290898,0.019199751556391132,0.9383303335669991,4,-3.58,21,42,C40/50
4.459079299066532,0.31689231087770414,0.4419342687038777,1,-2.9,24,45,C40/50
4.583693508994879,0.02953923873370821,0.17192958959489624,2,-1.25,13,37,C60/75
2.9076034765864107,0.5259378608158661,0.3784547845753329,4,-2.77,16,37,C40/50
0.06788547032820973,0.19657336500244554,0.7053156999577317,2,-0.5,20,42,C40/50
2.7581576589834467,0.43895026123447894,0.5303885131252593,1,-4.47,24,30,C40/50
0.7206237909539401,0.5441747692829008,0.566933275438552,1,-4.47,10,26,C30/37
2.434111069462096,0.928268606088225,0.9040902871875155,0,-0.76,12,56,C30/37
1.8594385688509987,0.10321503808671183,0.7572229158696423,3,-4.92,29,29,C30/37
3.3356866793712348,0.8783318335231408,0.4093257182522805,4,-1.04,21,56,C30/37
1.8395372053063086,0.6564459804979293,0.22136730872541205,4,-5.31,25,46,C30/37
0.8850065225373982,0.06970545064621,0.8801252622701544,1,-4.35,26,26,C30/37
3.3318089663071033,0.08165497201315738,0.6566737440024555,0,-2.74,25,49,C40/50
0.6345675790187731,0.8963658167846048,0.9117793662972495,1,-1.91,26,55,C30/37
1.2453938474864081,0.2275622316329345,0.5731233838742159,4,-3.57,15,54,C30/37
4.523210949837923,0.039224396607773375,0.26973968977958074,4,-3.64,22,59,C40/50
2.5997883027469544,0.5861312542241964,0.762896691751824,3,-1.03,20,57,C40/50
0.8916691067394249,0.6977962190290533,0.8813324447444169,4,-5.34,17,52,C30/37
4.210358464334514,0.8424043625819897,0.45430416405958557,0,-1.59,28,22,C30/37
3.694289069934925,0.7250998141048951,0.9013097267593007,6,-2.22,28,32,C30/37
4.698421515470809,0.3178546622887729,0.16400282495644278,0,-2.48,12,44,C60/75
0.9887218612801546,0.8932784207557012,0.9722444204148828,1,-3.88,13,32,C60/75
0.4090552712476891,0.4067620135123674,0.5993098514482024,0,-2.2,10,59,C60/75
2.9621906108255347,0.5646123221517918,0.14312054828888865,5,-0.65,24,32,C30/37
2.553371525951312,0.1613121629400705,0.4746112061825252,3,-3.48,20,50,C60/75
4.797236244779638,0.7642706495550479,0.3764630772027464,5,-1.63,14,30,C60/75
3.711126487034944,0.8806688005931937,0.8487707040733742,4,-5.25,27,53,C60/75
2.9392612327746392,0.6186465930235469,0.518934445096754,1,-0.19,29,58,C40/50
4.6167700526989845,0.905049351120851,0.3437234799394543,3,-3.83,27,29,C30/37
2.3167098384480793,0.9665730681402337,0.9024049108557055,3,-3.26,13,22,C30/37
4.4942222710003135,0.0538708358038976,0.6097287176949421,4,-0.68,18,55,C40/50
1.7308667563050486,0.12264795946995657,0.4123894713057091,6,-1.45,27,27,C30/37
3.0341272380821236,0.8860683441381069,0.5235461204375524,5,-3.51,23,30,C40/50
3.001573423787904,0.41888930511669453,0.7994490934240424,6,-3.31,17,32,C60/75
1.3642930328596112,0.779481619352723,0.8165582057835795,5,-2.55,22,57,C40/50
0.37158552672025674,0.16287170857562291,0.42980088337408956,3,-3.77,29,56,C30/37
3.55999842790178,0.9356496329052851,0.7317521514505878,0,-4.09,12,44,C60/75
4.487939475824095,0.872254114837705,0.557953019485605,5,-0.99,24,52,C60/75
0.708747454819555,0.13303567591311513,0.5589090534171101,5,-0.69,24,30,C40/50
4.259436419668361,0.1663739511227546,0.9554688458829714,1,-5.79,22,57,C40/50
0.03204256162960202,0.5018988567866725,0.2831896722033893,0,-2.65,21,35,C40/50
3.729119783400534,0.7278072571092092,0.39376169644250286,2,-1.66,29,35,C30/37
3.1216323907446912,0.8857182994685014,0.8205305165127712,1,-0.18,18,28,C60/75
2.5282843118757823,0.7331585681488562,0.6014571264633038,6,-5.08,22,42,C30/37
0.5469666074237102,0.32163060977648017,0.09274900062606764,0,-3.72,24,24,C60/75
1.097246792695903,0.7577099521552264,0.4594770026813373,1,-5.74,14,33,C30/37
4.594678255089125,0.2626497698034321,0.324382707442195,1,-0.98,24,46,C60/75
1.846648177480855,0.9778507285657588,0.7008170344446562,0,-2.26,17,37,C30/37
3.428764403558155,0.9673377311961687,0.5258016430376387,1,-4.48,14,30,C40/50
0.45749383405236865,0.6321372731867371,0.07914030850685516,5,-4.0,10,55,C40/50
1.1562393086383556,0.8923017577260108,0.4305846641362256,4,-0.05,16,40,C60/75
0.2821567009107584,0.6817053788942123,0.9406349476406359,5,-0.37,29,36,C30/37
0.8699528213618618,0.03243016011176799,0.4341480764033552,6,-0.16,18,21,C30/37
1.1873417178576555,0.621932695929331,0.18784758051584355,4,-2.58,14,20,C30/37
2.4620102474344012,0.5195708482101209,0.7646764085512774,4,-0.51,11,54,C60/75
1.9668643701234392,0.49277315851536774,0.4922815702720445,3,-1.29,27,35,C40/50
1.8634411427061104,0.20635835432108837,0.8987161642557695,5,-5.48,18,55,C40/50
2.18970512114805,0.2526963415828901,0.23674979011747604,4,-5.76,21,58,C60/75
1.621656526185783,0.09873742753883984,0.1737741644448944,4,-4.31,11,38,C40/50
3.206080242098972,0.6956244403575426,0.42465842168661666,2,-2.32,11,54,C30/37
1.0340863615923095,0.1801166188179085,0.6167273442229314,2,-1.42,22,47,C40/50
2.9654406420866652,0.558200534217573,0.08977340191279051,5,-2.19,25,49,C30/37
3.579349767799576,0.5367900656869063,0.2630887610866471,4,-1.86,25,24,C60/75
2.5719240523083493,0.664131150408978,0.22920639955872896,1,-2.6,16,58,C30/37
0.5321096961840664,0.07924556880577302,0.548398452727493,1,-5.37,20,41,C40/50
4.252897159949813,0.6639848098953179,0.26843365333713115,4,-1.71,19,44,C30/37
2.929472172687429,0.48746558104775817,0.2638871748124329,5,-5.97,19,21,C40/50
3.775729556266839,0.2849462846348548,0.06441750923466666,4,-4.96,13,59,C60/75
3.4929272598795484,0.045096137804023974,0.15370266160653562,2,-2.57,21,35,C40/50
3.2200849725046194,0.33631395249535245,0.3368010641379378,1,-3.15,29,32,C30/37
2.184498353410775,0.2002366129458567,0.5809888634323693,1,-0.71,26,38,C60/75
2.886747432989336,0.7446774635780612,0.4528890024691838,4,-0.53,13,45,C40/50
1.1105216395764537,0.14784409871074605,0.4395453180421226,3,-5.64,28,44,C60/75
2.041402125026521,0.6963596593788756,0.3076516349170773,1,-2.66,21,58,C40/50
2.485230109088665,0.8480313495266227,0.06143095735198656,4,-1.86,16,56,C40/50
4.45457045547525,0.3523905111129105,0.22276427386238618,3,-3.55,13,26,C30/37
3.5854455352513503,0.3432553540357985,0.5526147672173157,3,-1.89,11,50,C30/37
3.1482422030651436,0.901253726766018,0.06823874854009493,1,-2.53,29,37,C40/50
0.7998122208828983,0.3502921746958302,0.21477846778976162,3,-0.52,10,34,C40/50
2.4176750008724825,0.20513394128481616,0.42596860987198465,6,-1.24,27,43,C30/37
1.0426848668395556,0.8451800100522212,0.5974938304276298,6,-3.44,11,37,C30/37
0.1474031194140431,0.5920927382091512,0.7172233891609723,5,-3.15,29,34,C40/50
0.9771782334652543,0.3544912391177808,0.5775094443324785,5,-3.8,15,56,C60/75
2.0074311977452415,0.5409253068799668,0.34670494047323897,4,-5.18,18,60,C40/50
1.003990463907343,0.3596492660482567,0.6063104520123688,4,-5.68,30,23,C30/37
2.533168914575999,0.5908415862865523,0.7219476120104198,3,-3.66,28,39,C60/75
4.113508130046674,0.6466671332493837,0.9946293039277272,2,-2.15,13,44,C40/50
1.7276331949340127,0.7918015606633677,0.5179918558719779,1,-2.35,11,41,C60/75
1.2905540115734264,0.06805865602295284,0.2435915002422333,6,-1.22,25,49,C60/75
4.864881512989406,0.3797487364492935,0.8536588248368109,2,-2.27,12,21,C40/50
2.493737743706517,0.18239836163086112,0.6437208663704591,0,-4.3,26,47,C30/37
4.440868685424363,0.7742844560028825,0.966628117543222,6,-0.26,21,20,C60/75
1.1692251550342505,0.8388343828194597,0.29654609863852255,1,-4.93,21,52,C60/75
2.7834422093080304,0.2177765013789259,0.06065405417085397,5,-5.43,28,35,C60/75
0.32420974854440576,0.983157237715148,0.7899693887119384,5,-1.4,30,34,C40/50
3.959862261893543,0.5782228472505929,0.92388922615671,2,-4.67,19,27,C30/37
1.764863429414644,0.4758616293071064,0.8453420667023647,2,-4.44,30,53,C30/37
4.23353882446934,0.15986631947644828,0.7729868862286482,0,-3.11,12,54,C60/75
1.277027068903486,0.38820206588282113,0.09866167949131029,0,-4.29,27,36,C30/37
3.686265711884318,0.6996976568878578,0.9424665811433933,3,-3.45,26,52,C30/37
3.9197703150144663,0.7010075412902249,0.056414609556282296,4,-0.55,13,45,C40/50
0.2488009472784811,0.3566062286885996,0.694427173746679,3,-5.38,15,30,C40/50
4.0709194219922935,0.44196272511200696,0.16754901791992644,1,-2.44,27,38,C40/50
2.6482648452034825,0.6005442592692005,0.8836649370403422,6,-5.02,19,48,C30/37
1.0846235811686085,0.8753319440143134,0.4781565803828305,5,-0.07,30,34,C30/37
3.5665280849312326,0.11875934652443423,0.6648658436399485,2,-5.04,12,48,C40/50
2.2747659752909226,0.637464554478941,0.7036043613915328,1,-4.71,29,47,C30/37
4.219198637599085,0.3633340852993975,0.21957417470694957,6,-4.5,19,53,C40/50
0.4281690426651869,0.7929572761034195,0.25104088564803045,1,-2.53,27,23,C30/37
4.525183103251408,0.9390920547534557,0.6888066372040824,4,-0.77,20,60,C60/75
3.420905780575288,0.19354452362155825,0.8554870849099083,3,-1.14,19,30,C40/50
4.1867231327497665,0.4041458526935936,0.2896063062237434,3,-4.77,17,47,C30/37
4.626869488440954,0.1378795181958609,0.12214426622428408,1,-3.71,27,29,C60/75
0.590105118706748,0.5891067160136261,0.19997372025157184,5,-0.35,14,59,C30/37
0.6094160408611334,0.673076191120416,0.9038848646833222,3,-5.21,18,29,C30/37
4.180029547651165,0.8111233427551651,0.26003327896711687,4,-5.27,13,30,C30/37
1.2099720028056788,0.6082207468874402,0.7188031663137651,3,-3.91,13,31,C30/37
2.0936691909081797,0.7814978672113654,0.231039744398922,4,-3.07,25,51,C60/75
4.679808872773586,0.8198658311946931,0.9196580411644358,5,-4.82,16,25,C40/50
0.6742274264592194,0.4655985816605565,0.9369842056227875,1,-4.13,15,51,C30/37
1.9593176491772866,0.14308141455093087,0.8631521714460753,2,-4.11,24,44,C40/50
4.506870783563116,0.3046422683245843,0.6360847559137284,5,-3.03,14,28,C30/37
4.609583553898077,0.27990423814814014,0.9251396418200916,2,-1.48,18,38,C40/50
0.909668229276217,0.9908835193840667,0.3296645510667589,1,-3.05,21,35,C40/50
4.202312312825752,0.4723616531882382,0.15911737735350306,4,-0.22,27,34,C30/37
2.2878518545200075,0.28303325680948715,0.5354692148192728,2,-3.13,22,27,C40/50
3.8530867224809295,0.13573882791598343,0.15549555229008163,3,-1.57,12,32,C30/37
1.2156842423491958,0.948999583083097,0.4764968561697242,2,-4.77,17,57,C60/75
0.5584107998313294,0.9047550191410099,0.5990948511901727,5,-2.69,29,25,C60/75
2.421374421555885,0.5467365443731439,0.957887266012488,5,-4.67,13,44,C60/75
2.5477748235208426,0.16781069364079942,0.7671011269665287,1,-5.72,16,29,C40/50
4.5161334999599525,0.2766736419872074,0.7711274974530686,4,-4.46,14,52,C60/75
4.883584837559686,0.21857748293042098,0.5895078211574933,2,-2.24,28,30,C30/37
4.761553315697061,0.08243815305293403,0.9436259530625482,3,-0.59,29,29,C40/50
1.8126989774851414,0.22365430296934916,0.5642363802417745,1,-5.99,23,40,C40/50
2.2478722801597515,0.1400093752266315,0.41507856065536614,5,-5.62,17,39,C30/37
3.5423609179898943,0.22918861904847723,0.4825724605964528,1,-1.94,21,60,C60/75
2.5918856267157158,0.771389050966878,0.1518022017573366,0,-0.64,22,27,C40/50
2.4529220290119915,0.09521178095800027,0.5524087213257152,0,-1.82,14,34,C30/37
2.342206032081379,0.18881399562966725,0.052710194311448355,3,-4.96,23,54,C30/37
3.935769747514108,0.5619676711341551,0.4007875160321208,4,-0.61,21,54,C40/50
3.192333059995825,0.9313043823050458,0.9827142813698022,1,-1.09,26,56,C30/37
3.2842703215660913,0.4004902508266814,0.8117922400642024,4,-3.69,27,60,C60/75
1.355460334385907,0.06051006440004354,0.736072426041317,3,-2.76,19,25,C30/37
3.9666565005646253,0.4271618329658906,0.29551238083379083,6,-2.17,16,46,C30/37
1.8941648089627936,0.022908830464467247,0.8119593157951387,0,-0.06,22,41,C30/37
3.0939764002033225,0.01657060767257032,0.08196083356594944,1,-3.69,14,55,C30/37
0.38258903605170846,0.756754671633776,0.3256093301199747,5,-2.77,30,41,C30/37
4.690808175561985,0.30192537036883066,0.6933389776740226,2,-4.04,12,36,C40/50
0.4420314064649673,0.48597418300578854,0.8612663799347552,6,-2.28,28,37,C60/75
3.599703344171375,0.8512302460455358,0.4857949998429367,1,-1.42,13,39,C60/75
0.9124766736107641,0.7820314451890972,0.46958221952805634,2,-2.31,24,54,C60/75
2.7250448509748697,0.6158683232479628,0.524243784427513,2,-0.15,24,56,C40/50
3.533977889310549,0.6075004246216416,0.05140458724282178,1,-5.73,26,53,C30/37
1.615756922518547,0.7426506035749175,0.6107760502318307,1,-3.63,21,30,C40/50
3.216540702630138,0.7534941689034435,0.05899507563475924,5,-0.74,16,21,C40/50
1.4931074670175568,0.37013475964992854,0.464095592613934,5,-4.24,23,49,C60/75
3.8979847560866485,0.4747501753263482,0.81528499753577,6,-1.38,11,22,C60/75
0.2531047646458405,0.7305725760501192,0.8780798996550069,5,-0.88,17,24,C40/50
0.710595985309811,0.985548216197562,0.995930137117407,2,-4.87,22,26,C40/50
4.416555957127432,0.46722746208754556,0.2799766942017383,4,-4.62,10,22,C40/50
4.648359110276973,0.5240572354073122,0.18346743244872254,1,-3.6,24,31,C30/37
1.3093547553855087,0.8971307921891695,0.3641089378094634,2,-5.38,24,26,C40/50
2.1755941733968704,0.11194839233502774,0.14122533468578558,1,-4.76,19,30,C40/50
4.755621371241668,0.351708609826804,0.4286103199221706,5,-0.86,17,45,C60/75
3.91413336601852,0.9461225921723089,0.29198806677556277,0,-3.94,15,40,C60/75
3.4568698954994908,0.9066811368505039,0.5153733182550785,4,-4.43,19,56,C60/75
1.6822156646603004,0.20718632162931855,0.397546967339147,5,-3.61,24,30,C40/50
0.6563787871213655,0.0940377861443824,0.6882016822854509,4,-4.14,24,49,C40/50
4.467829976616745,0.5160532131384854,0.5966924284119638,5,-1.28,18,48,C60/75
2.2665454840955626,0.5596587611953453,0.1311985706933332,2,-2.84,25,33,C60/75
0.9844277365141506,0.5526050036898275,0.057156628720422015,6,-1.6,18,41,C40/50
0.13041670019902135,0.5504008540724122,0.3849808912460665,2,-0.43,29,47,C30/37
3.9325255209280323,0.9940891145969044,0.3541539192866776,4,-2.54,28,44,C60/75
4.772656788718293,0.12731628728704314,0.16802740412949443,2,-1.53,14,39,C60/75
2.8416635236199195,0.3492532695541193,0.8095515630012494,5,-5.58,25,21,C30/37
4.106305784770335,0.259284875976543,0.48674672457830326,1,-1.58,20,47,C30/37
0.3002301664142656,0.5211337580802424,0.3070685559214537,3,-4.96,26,40,C30/37
3.3297728462261063,0.723209685490256,0.16549755309086822,5,-1.49,26,48,C60/75
3.060657502537371,0.6662650744112223,0.9610746865570768,5,-1.3,24,23,C40/50
4.810044466377851,0.2267389938911974,0.9186184446610575,2,-4.63,17,50,C30/37
2.047790114309573,0.34852796237746886,0.1712446138224042,6,-5.83,15,55,C60/75
2.7056126873712834,0.8412270046048986,0.21241130339843478,0,-2.26,26,23,C30/37
0.41606804884648846,0.881851556948151,0.4364795981275404,5,-1.19,28,56,C60/75
4.886743790356086,0.917789395813887,0.9930612377542483,5,-5.86,25,56,C40/50
2.518287824551691,0.8350005105957055,0.2530124430298969,4,-3.29,28,44,C40/50
1.9500380841195302,0.42529536148106983,0.9800018667021813,5,-4.57,19,28,C40/50
2.522471720551799,0.9082571334156845,0.18880230908317974,1,-5.18,26,52,C30/37
1.8857710708094872,0.337964470081971,0.33256846609140067,4,-2.97,23,28,C60/75
3.140800628586341,0.05492145503616754,0.47544806878772494,5,-2.56,16,22,C30/37
2.033851342366936,0.38454749160140544,0.46291490231595267,3,-5.15,21,35,C30/37
3.63212366161668,0.5714982840831478,0.38191425125762096,2,-3.42,27,59,C60/75
2.3769680285974553,0.9715668787925137,0.06745647419037606,2,-4.89,22,36,C60/75
1.130896321067875,0.5653982411029405,0.5100381346113327,4,-5.32,20,32,C40/50
4.3251663121266395,0.7241361514381482,0.8703119863124537,5,-5.02,17,33,C40/50
4.240002409449096,0.3256509173925101,0.7508678171086959,2,-5.92,26,48,C40/50
0.6144280222129936,0.7677283042527273,0.249348130362886,1,-4.27,17,40,C60/75
4.644457046915142,0.48498989335556875,0.4065205552458939,1,-1.12,30,51,C60/75
2.2943730763046504,0.22058807407335812,0.7493409329727824,0,-2.79,12,43,C30/37
0.13998564344452594,0.9405720862795101,0.5705880915508054,1,-0.69,22,59,C30/37
4.411500269072857,0.043322745356321656,0.8593425596047708,3,-3.3,16,46,C60/75
2.2643897610012327,0.2602975504268132,0.45109581144805755,2,-3.95,17,20,C60/75
4.1783048402905125,0.6653717689922228,0.5135050430167493,1,-4.87,23,42,C40/50
3.6716967059244143,0.3990107647509823,0.816964021746116,0,-3.99,14,31,C60/75
2.4352060430522715,0.1122119559663017,0.9226469847138185,3,-5.44,19,22,C40/50
4.603724616193288,0.861284370764224,0.5945340904482639,2,-3.66,21,35,C30/37
0.9633965986975873,0.31548998381764654,0.24718666807095124,5,-4.54,11,60,C40/50
0.009819686452801372,0.015542661666846673,0.9138724946319341,3,-1.02,14,55,C30/37
4.963235952818861,0.750057867726072,0.6001583236425618,5,-2.02,15,24,C60/75
0.5605381144802172,0.6421818504915847,0.9159665614125085,1,-0.03,29,47,C60/75
4.952216650717226,0.17376589657717512,0.38855814470652617,3,-1.68,25,31,C40/50
3.404166013930881,0.0004684197890026852,0.3800243216043793,4,-2.63,17,29,C60/75
0.2918483330646069,0.07337322692432478,0.0739027876681965,6,-1.73,21,26,C40/50
0.0030321673934346266,0.7056209702333386,0.9606525265569863,2,-2.71,25,29,C30/37
0.7536243462233684,0.4822480930252598,0.48075095170716087,0,-1.65,14,59,C40/50
1.3895085771492888,0.661022993631984,0.5392359899254437,2,-2.0,28,39,C60/75
4.038189387345763,0.37193938502499246,0.3986419615568651,1,-0.17,14,38,C60/75
1.2377226834991344,0.8593080785243976,0.27228401516983813,3,-2.11,20,35,C40/50
1.8995925800993076,0.8232012712607715,0.18975908808839093,3,-4.88,12,20,C40/50
3.4354506525471873,0.7043221119744797,0.941748613832,0,-3.75,19,28,C30/37
1.6330404516166683,0.5066514943214042,0.9082461608054154,4,-2.25,23,56,C30/37
1.2580253322843573,0.04045206004938689,0.7099128335638922,5,-4.42,26,36,C60/75
0.26469576563652,0.36534464508188486,0.05522027639369925,4,-2.07,20,45,C60/75
2.063125984395913,0.07167296230774661,0.5632713750035803,4,-2.67,30,34,C30/37
1.4490497955575394,0.8734442878672586,0.7613998033005035,6,-3.1,29,45,C40/50
4.570575149992922,0.49522717428550256,0.23190002375424962,2,-4.56,29,52,C40/50
3.678571037614447,0.13666191441866604,0.9647494702849307,3,-5.68,22,27,C30/37
3.0543824687133037,0.45903091327240103,0.45502467170947947,1,-2.69,16,42,C40/50
2.3872083555658214,0.28898502439406343,0.6980318200578183,1,-5.1,28,56,C60/75
1.3687126505338574,0.5600262422322313,0.8267193159928297,5,-1.57,28,48,C40/50
0.7605210275157686,0.7262978954325136,0.9107089319674567,3,-3.73,13,40,C40/50
3.383891587548887,0.47158245976407154,0.8107582724311152,6,-5.99,20,48,C30/37
1.4729611463466838,0.1708604907956138,0.312829919494683,2,-2.05,17,45,C60/75
1.548912857853188,0.6880942429681702,0.6588690394080123,5,-4.5,25,59,C30/37
0.6447828996988282,0.7733514303666357,0.7287146951385218,1,-2.8,13,55,C40/50
2.148867824049501,0.3034999322731934,0.08607525017024137,1,-1.96,13,32,C40/50
0.5367391069735432,0.43360222527885767,0.934638266215278,2,-4.55,28,33,C60/75
0.02695693130628761,0.7283718070740718,0.20330877231072791,4,-4.41,27,52,C30/37
0.21938049827108344,0.7930737166789285,0.5601368447363247,1,-5.24,21,60,C40/50
1.106521081682624,0.02168283030534176,0.3867962306116781,0,-2.99,14,26,C60/75
4.933148362625319,0.2442529087370642,0.5073273546612531,2,-4.05,13,41,C60/75
3.29825339162382,0.5733465186438881,0.19508372408998298,3,-3.51,28,33,C60/75
3.137456398883993,0.5226661501488299,0.5903894154707873,5,-3.92,19,30,C30/37
1.9287926095739234,0.952276928912519,0.6270547918711068,2,-0.66,17,43,C30/37
3.317182652519688,0.063932151217096,0.19414271583727544,5,-3.74,23,20,C60/75
4.333086853635077,0.9242261044749122,0.5214626418602983,3,-1.46,19,53,C60/75
4.120164639002515,0.3358808073156094,0.8426496389722358,5,-3.37,16,28,C60/75
3.0581762615985464,0.03309087592893219,0.4106610472080934,5,-4.06,14,52,C40/50
2.0721757882450103,0.3614621535888343,0.08498546276769847,5,-2.85,20,40,C40/50
4.133756202381681,0.33304878011302924,0.2869668433533563,2,-3.28,20,35,C60/75
4.71647418786422,0.43103118627573683,0.2751826996634852,3,-4.74,26,26,C60/75
0.367011269575227,0.22294545648437883,0.4337950773376564,4,-1.27,22,31,C40/50
2.4824068366232668,0.8092031082611592,0.13565360383549815,6,-3.08,16,29,C60/75
