﻿Nr.;Name;Year;Country;Function;Material Arch;Material Deck;Coordinates N / S;Coordinates E / W;Span [m];Rise of Arch [m];Rise-Span Ratio;Width Tie Backs [m];Number of Arches;Geometry of Arch;Horizontal Arch Inclination;Arch Bracing;Costs [€ ]
3;Agoishi Bridge;1985;Japan;Road Bridge;Steel;Steel-Concrete Composit;"34° 13' 11.52"" N";"135° 8' 44.43"" E";163.4;26;6.284615385;10.25;2;Unknown;Yes;Cross Girder;
4;Aishima Bridge;;Japan;Road Bridge;Steel;;"38°10'10.6""N";"140°50'31.5""E";85;;;10.25;2;Unknown;Yes;Cross Girder;
5;Akio Bridge;1968;Japan;Road Bridge;Steel;Steel-Concrete Composit;"34° 26' 23.04"" N";"132° 29' 0.59"" E";110;17;6.470588235;6;2;Unknown;Yes;Cross Girder;
6;Amelia Earhart Bridge;2012;USA;Road Bridge;Steel;Steel-Concrete Composit;"39°33'34.0""N";"95°06'48.4""W";160.6;26.5;6.060377358;23.8;2;Unknown;No;Diamond Truss;
7;Aonohara bridge;;Japan;Road Bridge;Steel;;"35°33'38.4""N";"139°10'46.1""E";152;;;;2;Unknown;No;Diamond Truss;
8;Arco Metalico Sobre La Autopista AP-68;2009;Spain;Road Bridge;Steel;Steel-Concrete Composit;"41°41'08.2""N";"0°57'10.1""W";71;14;5.071428571;10;2;Unknown;No;;
9;Åsnes Bridge;2011;Norway;Road Bridge;Steel;Steel-Concrete Composit;"64°18'34.7""N";"11°13'06.3""E";111;18;6.166666667;9;2;Unknown;No;K-Truss;
10;Atera Bridge;2008;Japan;Road Bridge;Steel;;"35°40'09.1""N";"137°37'27.6""E";145;;;;2;Unknown;Yes;Cross Girder;
11;B6 Railroad Overpass;2009;Germany;Railway Bridge;Steel;Reinforced Concrete;"51° 27' 47.68"" N";"12° 0' 13.20"" E";79;;;;2;Circular;No;Cross Girder;
12;Bamban Bridge ;1998;Philippines;Road Bridge;Steel;;"15° 15' 37.51"" N";"120° 33' 35.21"" E";174;;;12.44;2;Unknown;Yes;Cross Girder;
13;Bechyne Bridge;2004;Czech Republic;Road Bridge;Steel;Reinforced Concrete;"49° 17' 30.15"" N";"14° 28' 10.02"" E";41;;;;2;Unknown;No;None;
14;Bent Bridge 1;2011;USA;Pedestrian Bridge;Steel;Reinforced Concrete;"37°19'33.7""N";"121°51'38.9""W";82.3;6.7;12.28358209;4.2;2;Unknown;Yes;Diamond Truss;3400000
15;Bent Bridge 2;2011;USA;Pedestrian Bridge;Steel;Reinforced Concrete;"37°19'33.7""N";"121°51'38.9""W";82.3;6.7;12.28358209;4.2;2;Unknown;Yes;Diamond Truss;3400000
16;Bijulibazar Arc Bridge;2020;Nepal;Road Bridge;Reinforced Concrete;Prestressed Concrete;"27°41'25.6""N";"85°19'41.8""E";51.45;;;12;2;Unknown;No;K-Truss;
17;Blennerhassett Island Bridge ;2008;USA;Road Bridge;Steel;Steel-Concrete Composit;"39° 16' 29.00"" N";"81° 38' 49.00"" W";267.8;53.3;5.024390244;32.6;2;Parabolic;No;Diamond Truss;120000000
18;Bogenbrücke Salzbergen;2015;Germany;Road Bridge;Steel;Steel-Concrete Composit;"52°19'13.7""N";"7°21'15.5""E";56;12.85;4.357976654;15.86;2;Unknown;No;None;
19;Bøkfjord Bridge;2019;Norway;Road Bridge;Steel;;"69°40'52.4""N";"30°06'37.0""E";120;25;4.8;;2;Unknown;No;K-Truss;
20;Bolstadstraumen bru;1963;Norway;Road Bridge;Steel;Prestressed Concrete;"60° 39' 19.97"" N";"5° 48' 6.72"" E";83;15;5.533333333;8.2;2;Unknown;No;K-Truss;
21;Brandangersundet Bridge;2010;Norway;Road Bridge;Steel;Prestressed Concrete;"60° 53' 53.00"" N";"5° 1' 33.00"" E";220;33;6.666666667;7.2;2;Unknown;No;Zigzag Truss;
22;Broadway Bridge 1;2017;USA;Road Bridge;Steel;Steel-Concrete Composit;"34°45'09.5""N";"92°16'27.6""W";137;;;;2;Unknown;Yes;Diamond Truss;
23;Broadway Bridge 2;2017;USA;Road Bridge;Steel;Steel-Concrete Composit;"34°45'09.5""N";"92°16'27.6""W";137;;;;2;Unknown;Yes;Diamond Truss;
24;Brodno Vranie Bridge;2019;Slovakia;Pedestrian Bridge;Steel;Reinforced Concrete;"49°15'30.3""N";"18°44'59.8""E";75;7.5;10;3.3;2;Unknown;No;Diamond Truss;450000
25;Brücke Fontanivas;2015;Switzerland;Road Bridge;Steel;Reinforced Concrete;;;;;;;2;Unknown;No;Brown Truss;
26;Bugrinsky Bridge ;2014;Russia;Road Bridge;Steel;Steel;"54° 58' 29.65"" N";"82° 57' 44.32"" E";380;72.7;5.22696011;36.9;2;Unknown;Yes;Diamond Truss;
27;Cernavoda Bridge ;2001;Romania;Road Bridge;Steel;Steel-Concrete Composit;"44° 20' 17.51"" N";"28° 1' 43.15"" E";172.5;28;6.160714286;26.2;2;Unknown;No;Cross Girder;
28;Cisek Bridge;2014;Poland;Road Bridge;Steel;;"50°16'40.7""N";"8°12'59.1""E";93.5;16;5.84375;12.3;2;Unknown;Yes;Cross Girder;
29;Domen River Bridge;2006;Japan;Road Bridge;Steel;Steel;"33°03'03.5""N";"130°25'51.1""E";200.5;31;6.467741935;13.5;2;Unknown;No;Cross Girder;
30;Dounyugawao Bridge;2010;Japan;Road Bridge;Steel;;"34°13'41.6""N";"135°08'52.7""E";129;;;;2;Unknown;No;Cross Girder;
31;Drivabrua;2016;Norway;Road Bridge;Steel;Steel-Concrete Composit;"62°40'24.7""N";"8°33'21.9""E";111;17;6.529411765;15;2;Circular;No;K-Truss;
32;Duona Bridge;2012;Taiwan;Road Bridge;Steel;;"22° 54' 41.17"" N";"120° 41' 18.85"" E";170;;;;2;Unknown;Yes;Cross Girder;
33;Dziwna Most ;2003;Poland;Road Bridge;Steel;Steel-Concrete Composit;"53° 50' 46.81"" N";"14° 37' 19.27"" E";180;25;7.2;16;2;Unknown;Yes;Cross Girder;
34;Eggner Ferry Bridge;2016;USA;Road Bridge;Steel;Steel-Concrete Composit;"36°46'21.7""N";"88°07'16.4""W";170;;;;2;Unknown;Yes;Cross Girder;
35;Eisenbahnbrücke Hösbach;2011;Germany;Railway Bridge;Steel;Steel;"50°00'01.9""N";"9°14'13.5""E";96;;;;2;Unknown;No;Cross Girder;
36;Eisenbahnüberführung Florabrücke ;2010;Germany;Railway Bridge;Steel;Steel;"52° 17' 43.23"" N";"11° 22' 48.31"" E";132.6;19.85;6.680100756;8.4;2;Circular;Yes;Cross Girder;
37;Fehmarnsund Bridge ;1963;Germany;Road Bridge;Steel;;"54° 23' 47.21"" N";"11° 6' 32.52"" E";248.4;43;5.776744186;20.95;2;Unknown;Yes;Cross Girder;
38;Forrabura;2017;Norway;Road Bridge;Steel;Steel-Concrete Composit;"63°27'41.5""N";"11°11'03.3""E";75;13;5.769230769;10;2;Unknown;No;K-Truss;
40;Frankfurt Railroad Bridge ;2008;Germany / Poland;Railway Bridge;Steel;;"52° 19' 15.66"" N";"14° 34' 34.30"" E";104;17.5;5.942857143;;2;Circular;No;Cross Girder;
41;Freybrücke ;2017;Germany;Road Bridge;Steel;Steel-Concrete Composit;"52° 30' 42.36"" N";"13° 12' 11.45"" E";80;;;16.8;2;Circular;No;None;33000000
42;Fuchukoo Bridge;;Japan;Road Bridge;Steel;Steel-Concrete Composit;"34°16'38.4""N";"133°55'39.2""E";167;;;;2;Unknown;Yes;Cross Girder;
43;Funato Ohashi Bridge;1988;Japan;Road Bridge;Steel;Steel-Concrete Composit;"37°41'03.2""N";"139°34'37.8""E";172;;;;2;Unknown;No;Cross Girder;
44;Georg C. King Bridge;2014;Canada;Pedestrian Bridge;Steel;Steel-Concrete Composit;"51°02'52.3""N";"114°02'49.6""W";100;;;;2;Unknown;Yes;None;
45;Ginkgo bridge;2010;Japan;Road Bridge;Steel;;"33°08'52.1""N";"131°02'57.3""E";190;;;;2;Unknown;No;Diamond Truss;
46;Godo Bridge;;Japan;Road Bridge;Steel;Steel-Concrete Composit;"37°05'47.4""N";"140°46'38.4""E";178.5;;;;2;Unknown;No;Cross Girder;
47;Gonoura Bridge ;;Japan;Road Bridge;Steel;Steel-Concrete Composit;"33° 44' 33.63"" N";"129° 41' 16.38"" E";156;;;;2;Unknown;No;Cross Girder;
48;Goshiki Ohashi Bridge;2002;Japan;Road Bridge;Steel;;"35°45'55.0""N";"139°45'36.4""E";142.2;32;4.44375;;2;Unknown;No;None;
49;Gozaki Bridge;;Japan;Road Bridge;Steel;Steel-Concrete Composit;"32°14'07.5""N";"131°08'15.3""E";126;;;;2;Unknown;No;Cross Girder;
50;Haccourt Bridge ;1985;Belgium;Road Bridge;Steel;Steel;"50° 44' 7.55"" N";"5° 40' 36.99"" E";139.5;23.25;6;20.9;2;Unknown;No;None;
51;Håkkadalen Bridge;1963;Norway;Road Bridge;Steel;Reinforced Concrete;"64°01'07.1""N";"11°30'16.9""E";80;12;6.666666667;7;2;Circular;No;Diamond Truss;
52;Halászi híd;2010;Hungary;Road Bridge;Steel;Steel;"47°53'12.9""N";"17°18'57.8""E";46;;;;2;Unknown;No;Cross Girder;
53;Harbourside West Overpass;2011;Canada;Pedestrian Bridge;Steel;;"49°19'02.3""N";"123°06'07.8""W";85;;;;2;Unknown;No;;3600000
54;Hastings Bridge ;2013;USA;Road Bridge;Steel;Steel-Concrete Composit;"44° 44' 48.18"" N";"92° 51' 10.99"" W";166.1;28.7;5.787456446;;2;Unknown;No;None;
55;Havelkanalbrücke Brieselang 1;2011;Germany;Road Bridge;Steel;Steel-Concrete Composit;"52° 35' 7.00"" N";"12° 58' 20.00"" E";106;18.8;5.638297872;19.85;2;Circular;No;None;
56;Havelkanalbrücke Brieselang 1;2011;Germany;Road Bridge;Steel;Steel-Concrete Composit;"52° 35' 7.00"" N";"12° 58' 20.00"" E";106;18.8;5.638297872;19.85;2;Circular;No;None;
57;Heisei Memorial Bridge;1989;Japan;Road Bridge;Steel;Steel-Concrete Composit;"35° 6' 0.15"" N";"137° 10' 39.32"" E";158;26;6.076923077;21.7;2;Unknown;Yes;Cross Girder;
58;Hermalle Bridge ;1985;Belgium;Road Bridge;Steel;Steel-Concrete Composit;"50° 42' 53.80"" N";"5° 40' 18.20"" E";138.1;24.04;5.744592346;13.6;2;Unknown;Yes;None;
59;John Greenleaf Whittier Bridge 1;2018;USA;Road Bridge;Steel;;"42°50'05.6""N";"70°54'41.4""W";146;;;20.1;2;Unknown;No;Diamond Truss;
60;John Greenleaf Whittier Bridge 2;2018;USA;Road Bridge;Steel;;"42°50'05.6""N";"70°54'41.4""W";146;;;20.1;2;Unknown;No;Diamond Truss;
61;Jotoohashi Bridge;2005;Japan;Road Bridge;Steel;Steel-Concrete Composit;"35°39'18.0""N";"138°35'40.8""E";50;;;;2;Unknown;No;Cross Girder;
62;Kagamigawao Bridge;1981;Japan;Road Bridge;Steel;Steel;"33°33'15.5""N";"133°33'14.4""E";180;;;;2;Unknown;No;Cross Girder;
63;Kamikage Bridge;2006;Japan;Road Bridge;Steel;Steel-Concrete Composit;"32°38'26.7""N";"131°23'30.4""E";123.8;;;;2;Unknown;Yes;Cross Girder;
64;Kamisakibashi Bridge;2007;Japan;Road Bridge;Steel;Steel-Concrete Composit;"32°34'29.9""N";"131°30'46.9""E";201;;;;2;Unknown;No;Cross Girder;
65;Kanukio Bridge;1996;Japan;Road Bridge;Steel;;"35°05'58.3""N";"138°53'03.1""E";172;;;14.5;2;Unknown;No;Diamond Truss;
66;Kashimagawa Bridge;;Japan;Road Bridge;Steel;;"35°42'50.6""N";"140°12'27.9""E";77;;;;2;Unknown;No;Cross Girder;
67;Kledering Classification Yard Railroad Overfly Bridge 1;2013;Austria;Railway Bridge;Steel;Steel-Concrete Composit;"48° 8' 22.28"" N";"16° 26' 6.76"" E";112.5;19;5.921052632;14.2;2;Circular;Yes;Cross Girder;
68;Kledering Classification Yard Railroad Overfly Bridge 2;2013;Austria;Railway Bridge;Steel;Steel-Concrete Composit;"48° 8' 22.28"" N";"16° 26' 6.76"" E";88.5;15;5.9;14.2;2;Circular;Yes;Cross Girder;
69;Komen Bridge;;Japan;Road Bridge;Steel;;"36°48'28.5""N";"137°35'29.8""E";185;;;;2;Unknown;Yes;Cross Girder;
70;Krakow Railway Bridge 1;2019;Poland;Railway Bridge;Steel;Reinforced Concrete;"50°03'02.6""N";"19°57'15.2""E";;;;;2;Unknown;No;K-Truss;
71;Krakow Railway Bridge 2;2019;Poland;Railway Bridge;Steel;Reinforced Concrete;"50°03'00.8""N";"19°57'17.4""E";119;18;6.611111111;;2;Unknown;No;K-Truss;
72;Krakow Railway Bridge 3;2019;Poland;Railway Bridge;Steel;Reinforced Concrete;"50°03'00.8""N";"19°57'17.4""E";;;;;2;Unknown;No;K-Truss;
74;Lake Barkley Bridge;2018;USA;Road Bridge;Steel;Steel Concrete Composit;"36°48'02.0""N";"87°58'42.4""W";167.6;32.4;5.172839506;28.7;2;Parabolic;Yes;Cross Girder;
75;Lake Champlain Bridge ;2011;USA;Road Bridge;Steel;Steel-Concrete Composit;"44° 1' 58.18"" N";"73° 25' 23.68"" W";-123;24.7;4.979757085;12.3;2;Unknown;Yes;Diamond Truss;
76;Liniebrug;2018;Netherlands;Pedestrian Bridge;Steel;Reinforced Concrete;"52°16'07.0""N";"5°01'05.8""E";100;;;;2;Unknown;Yes;None;
77;Loftesnesbrua;2017;Norway;Road Bridge;Steel;Steel-Concrete Composit;"61°13'51.5""N";"7°07'12.8""E";84;15;5.6;;2;Circular;No;Diamond Truss;
78;Makira Bridge 1;2012;Salomon Islands;Road Bridge;Steel;Steel-Concrete Composit;"10°28'04.1""S";"161°49'46.7""E";72;;;;2;Unknown;No;K-Truss;
79;Makira Bridge 2;2012;Salomon Islands;Road Bridge;Steel;Steel-Concrete Composit;"10°27'53.9""S";"161°52'20.3""E";72;;;;2;Unknown;No;K-Truss;
80;Mangamahu Bridge;2008;New Zealand;Road Bridge;Steel;;"39°51'18.2""S";"175°17'47.4""E";80;;;;2;Unknown;No;K-Truss;
81;Marexhe Bridge ;1991;Belgium;Road Bridge;Steel;Steel-Concrete Composit;"50° 39' 17.00"" N";"5° 37' 21.00"" E";100.2;20.04;5;;2;Unknown;No;Cross Girder;
82;Markgraaff Pedestrian Bridge;2010;South Africa;Pedestrian Bridge;Steel;Steel-Concrete Composit;"29° 7' 5.16"" S";"26° 12' 48.89"" E";31;;;;2;Unknown;Yes;None;
83;Matsubara Ohashi Bridge;1996;Japan;Road Bridge;Steel;;"36°14'22.3""N";"139°43'20.8""E";104;;;;2;Unknown;Yes;Cross Girder;
84;Merivale Bridge;1978;Australia;Railway Bridge;Steel;Steel;"27°28'09.2""S";"153°00'46.9""E";132;;;;2;Unknown;Yes;None;
85;Milsaucy Bridge ;1990;Belgium;Road Bridge;Steel;Steel-Concrete Composit;"50° 39' 59.00"" N";"5° 38' 24.00"" E";144.6;24;6.025;19;2;Unknown;No;Cross Girder;
86;Mito Bridge;1969;Japan;Road Bridge;Steel;;"35°46'22.7""N";"138°59'53.8""E";131.2;;;;2;Unknown;Yes;Cross Girder;
87;Miura Ohashi Bridge;2011;Japan;Road Bridge;Steel;;"43°23'06.3""N";"141°48'43.7""E";196.6;;;;2;Unknown;No;Cross Girder;
88;Most MS-15 Olsztyn 1;2019;Poland;Road Bridge;Steel;Steel-Concrete Composit;"53°49'13.5""N";"20°28'38.3""E";120;21;5.714285714;13.4;2;Unknown;No;K-Truss;
89;Most MS-15 Olsztyn 2;2019;Poland;Road Bridge;Steel;Steel-Concrete Composit;"53°49'13.5""N";"20°28'38.3""E";120;21;5.714285714;13.4;2;Unknown;No;K-Truss;
90;Most nad Porońcem;2018;Poland;Road Bridge;Steel;;"49°20'14.2""N";"20°00'10.0""E";85;;;;2;Unknown;Yes;K-Truss;
91;Most Supraśl;2017;Poland;Road Bridge;Steel;;"53°12'53.9""N";"23°20'16.1""E";72;;;;2;Unknown;No;K-Truss;
92;Nada Bridge 1;1983;Japan;Road Bridge;Steel;;"34°42'27.0""N";"135°15'04.5""E";190;;;18;2;Unknown;Yes;Cross Girder;
93;Nada Bridge 2;1983;Japan;Road Bridge;Steel;;"34°42'24.8""N";"135°15'11.6""E";180;;;18;2;Unknown;Yes;Cross Girder;
94;Nagae Bridge ;1983;Japan;Road Bridge;Steel;Steel-Concrete Composit;"34° 43' 17.05"" N";"135° 30' 35.75"" E";154.5;;;;2;Unknown;Yes;Cross Girder;
95;Naganohara Bridge 1;2008;Japan;Road Bridge;Steel;;"36°32'36.8""N";"138°39'09.8""E";150;;;;2;Unknown;Yes;Cross Girder;
97;Nagara River Bridge ;1987;Japan;Road Bridge;Steel;Steel-Concrete Composit;"35° 8' 46.72"" N";"136° 40' 18.67"" E";137;;;11;2;Unknown;Yes;Cross Girder;
98;Nago Castle Ohashi Bridge;;Japan;Road Bridge;Steel;Steel-Concrete Composit;"26°35'12.6""N";"127°59'35.8""E";114;;;;2;Unknown;Yes;Cross Girder;
99;Nakajmagawa Bridge 1;1991;Japan;Road Bridge;Steel;Steel-Concrete Composit;"34°41'42.0""N";"135°24'19.4""E";160;;;;2;Unknown;Yes;Cross Girder;
100;Nakajmagawa Bridge 2;1991;Japan;Road Bridge;Steel;Steel-Concrete Composit;"34°41'12.3""N";"135°24'46.5""E";150;;;;2;Unknown;Yes;Cross Girder;
101;Nakanosetoo Bridge;1998;Japan;Road Bridge;Steel;Steel-Concrete Composit;"34°11'33.8""N";"132°51'16.5""E";192.8;30;6.426666667;8;2;Unknown;Yes;Cross Girder;
102;Nakao River Bridge;;Japan;Road Bridge;Steel;;"32°47'43.0""N";"130°20'37.0""E";148.5;;;;2;Unknown;No;Cross Girder;
103;Namdodaegyo Bridge ;1973;South Korea;Road Bridge;Steel;Steel-Concrete Composit;"35° 11' 8.32"" N";"127° 37' 22.61"" E";160;32;5;;2;Unknown;Yes;Cross Girder;
104;Naruseokumatsushima Bridge;;Japan;Road Bridge;Steel;Steel-Concrete Composit;"38° 24' 54.72"" N";"141° 8' 32.05"" E";142;;;22;2;Unknown;Yes;Cross Girder;
105;Nervion Bridge;2012;Spain;Railway Bridge;Reinforced Concrete;Reinforced Concrete;"43°14'39.1""N";"2°53'20.4""W";79.85;12.71;6.28245476;12.5;2;Unknown;Yes;Cross Girder;
106;N-II Footbridge ;2007;Spain;Pedestrian Bridge;Steel;Reinforced Concrete;"40° 26' 59.10"" N";"3° 36' 20.72"" W";80;11.5;6.956521739;8.5;2;Unknown;Yes;K-Truss;
107;Nishinomiyako Bridge;1994;Japan;Road Bridge;Steel;;"34° 42' 51.24"" N";"135° 20' 29.85"" E";252;;;31.2;2;Unknown;Yes;Cross Girder;
108;Nodajoo Bridge 1;2006;Japan;Road Bridge;Steel;;"34°52'54.7""N";"137°28'53.4""E";88;;;;2;Unknown;Yes;Cross Girder;
109;Nodajoo Bridge 2;2006;Japan;Road Bridge;Steel;;"34°52'53.4""N";"137°28'56.0""E";93;;;;2;Unknown;Yes;Cross Girder;
110;Nordbyveien Bridge;2017;Norway;Road Bridge;Steel;;"59°43'14.1""N";"10°50'06.2""E";45;;;;2;Unknown;No;None;
111;Okamura Bridge;1995;Japan;Road Bridge;Steel;Steel-Concrete Composit;"34°11'33.9""N";"132°51'38.1""E";183;28;6.535714286;8;2;Unknown;Yes;Cross Girder;
112;Opsundbrua;2017;Norway;Pedestrian Bridge;Steel;;"59°17'26.8""N";"11°08'12.0""E";125;;;;2;Unknown;Yes;Cross Girder;
113;Otanaze Bridge;1995;Japan;Road Bridge;Steel;;"35°18'07.5""N";"135°07'43.0""E";160;;;;2;Unknown;Yes;Cross Girder;
114;Otobashi Bridge;1994;Japan;Road Bridge;Steel;Steel-Concrete Composit;"33°48'03.0""N";"134°20'45.6""E";172;;;;2;Unknown;Yes;Cross Girder;
115;Oura Bridge;1993;Japan;Road Bridge;Steel;Steel-Concrete Composit;"34°58'17.8""N";"132°38'28.7""E";148.2;;;;2;Unknown;Yes;Cross Girder;
116;Palma del Río Bridge ;2008;Spain;Road Bridge;Steel;Steel-Concrete Composit;"37° 43' 18.80"" N";"5° 17' 12.61"" W";130;25;5.2;20.4;2;Unknown;Yes;K-Truss;3323000
117;Perry Cycle Bridge;2017;New Zealand;Pedestrian Bridge;Steel;;"37°41'16.9""S";"175°11'00.4""E";130;18;7.222222222;3;2;Unknown;Yes;Cross Girder;2400000
118;Philips Avenue Overpass;2016;Canada;Road Bridge;Steel;Steel-Concrete Composit;"49°18'55.6""N";"123°06'49.5""W";47.8;8;5.975;;2;Unknown;No;Diamond Truss;
119;Polbrug;2012;Netherlands;Road Bridge;Steel;Steel-Concrete Composit;"52°09'40.8""N";"6°12'10.8""E";117;;;11.35;2;Unknown;No;None;
120;Pont du Sartel;;France;Road Bridge;Steel;;"50°41'31.0""N";"3°12'18.0""E";66;;;;2;Unknown;No;None;
121;Poprad Bridge;;Slovakia;Road Bridge;Steel;Reinforced Concrete;"49°04'52.6""N";"20°19'59.5""E";35;;;;2;Unknown;No;Cross Girder;
123;Puente Cachimayo;2019;Peru;Road Bridge;Steel;;"13°41'13.3""S";"71°35'38.6""W";;;;;2;Unknown;No;K-Truss;
124;Puente del Rio;;Spain;Pedestrian Bridge;Steel;;"43°12'25.4""N";"5°47'18.5""W";52;;;;2;Unknown;Yes;None;
125;Puente Echarati;2019;Peru;Road Bridge;Steel;;"12°46'45.4""S";"72°35'58.4""W";70;;;;2;Unknown;No;Cross Girder;
126;Puente Juan Domingo Peron;2019;Argentina;Road Bridge;Steel;;"32°25'11.2""S";"63°15'18.9""W";120;;;;2;Unknown;Yes;Cross Girder;
127;Puente Manchuria;2019;Chile;Road Bridge;Steel;Reinfoced Concrete;"38°27'51.2""S";"71°45'47.4""W";72;;;;2;Unknown;No;Cross Girder;
128;Puente Urcos;2019;Peru;Road Bridge;Steel;;"13°41'00.7""S";"71°37'11.4""W";70;10;7;;2;Unknown;No;K-Truss;
129;Puente Urubamba;2019;Peru;Road Bridge;Steel;;"13°18'41.7""S";"72°06'38.1""W";75;;;;2;Unknown;Yes;Cross Girder;
130;Rannu-Joesuu Bridge;2009;Estonia;Road Bridge;Steel;Steel-Concrete Composit;"58°23'09.3""N";"26°08'07.5""E";92;;;;2;Circular;No;K-Truss;
131;Rayer Bazar Bridge;2015;Bangladesh;Road Bridge;Reinforced Concrete;Prestressed Concrete;"23° 44' 59.45"" N";"90° 21' 19.23"" E";40;6.8;5.882352941;7.5;2;Unknown;No;Diamond Truss;
132;Regenbrücke Stefling;2015;Germany;Road Bridge;Reinforced Concrete;Reinforced Concrete;"49°12'49.7""N";"12°11'48.5""E";54.8;9;6.088888889;9.85;2;Unknown;No;None;
133;Rio Carbon Bridge;2015;Peru;Road Bridge;Steel;;"12°53'28.6""S";"71°21'00.9""W";120;;;;2;Unknown;No;K-Truss;
134;Rio Caudal Bridge 1;;Spain;Road Bridge;Steel;;"43°15'51.7""N";"5°47'33.5""W";;;;;2;Unknown;No;Pratt Truss;
135;Rio Caudal Bridge 2;;Spain;Road Bridge;Steel;;"43°15'50.8""N";"5°47'33.4""W";;;;;2;Unknown;No;Pratt Truss;
136;Rio Caudal Bridge 3;;Spain;Railway Bridge;Steel;;"43°15'50.6""N";"5°47'30.1""W";;;;;2;Unknown;No;Pratt Truss;
137;Río Deba Bridge ;2007;Spain;Road Bridge;Steel;Steel-Concrete Composit;"43° 17' 29.11"" N";"2° 21' 41.39"" W ";110;20;5.5;18.6;2;Unknown;Yes;None;
138;River Irwell Crossing ;2017;Great Britain;Railway Bridge;Steel;Steel-Concrete Composit;"53° 28' 41.78"" N";"2° 15' 34.02"" W";89;13.57;6.558585114;15.4;2;Circular;Yes;K-Truss;
139;Rokumeikyo Bridge;;Japan;Road Bridge;Steel;;"35°51'42.4""N";"138°29'52.0""E";200;;;;2;Unknown;No;Cross Girder;
140;Rosenbachtalbrücke;2008;Germany;Railway Bridge;Steel;Steel-Concrete Composit;"50° 28' 29.50"" N";"12° 4' 41.23"" E";89;14;6.357142857;;2;Circular;No;Cross Girder;5000000
141;Roudne Bridge;2019;Czech Republic;Road Bridge;Steel;Reinforced Concrete;"48°56'04.2""N";"14°29'22.9""E";35;6.53;5.359877489;8.65;2;Unknown;No;Cross Girder;
142;Saalebrücke der Ortsumgehung Bernburg;2014;Germany;Road Bridge;Steel;Steel-Concrete Composit;"51° 48' 21.93"" N";"11° 46' 55.81"" E ";101;15.5;6.516129032;16.35;2;Circular;No;Diamond Truss;8000000
143;Sawado Bridge;;Japan;Road Bridge;Steel;Steel-Concrete Composit;"33°36'39.0""N";"132°59'00.4""E";82;;;;2;Unknown;Yes;Cross Girder;
144;Schifflange A 13 Motorway Bridge ;1994;Luxembourg;Road Bridge;Steel;Steel-Concrete Composit;"49°30'37.3""N";"6°02'03.5""E";113.5;;;;2;Unknown;No;None;
145;Second MacArthur Bridge;1996;Taiwan;Road Bridge;Steel;Steel-Concrete Composit;"25° 3' 22.08"" N";"121° 34' 17.66"" E ";210;;;16;2;Unknown;Yes;Cross Girder;
146;Shaganappi Trail Pedestrian Bridge;2015;Canada;Pedestrian Bridge;Steel;;"51°06'02.3""N";"114°08'44.4""W";56;;;;2;Unknown;No;Cross Girder;5900000
147;Shima Pearl Bridge;2005;Japan;Road Bridge;Steel;Steel;"34°15'55.2""N";"136°48'53.4""E";232;;;;2;Unknown;Yes;Cross Girder;
148;Shimagon Bridge;1999;Japan;Road Bridge;Steel;Steel-Concrete Composit;"27°42'08.7""N";"128°54'40.3""E";82;;;;2;Unknown;Yes;None;
149;Shinhamaderao Bridge;1991;Japan;Road Bridge;Steel;Steel;"34° 32' 59.64"" N";"135° 26' 29.52"" E";254;36;7.055555556;25.5;2;Unknown;Yes;Cross Girder;
150;Shinkizugawa Bridge;1994;Japan;Road Bridge;Steel;;"34°37'33.9""N";"135°27'47.3""E";305;57;5.350877193;15;2;Unknown;Yes;Cross Girder;
151;Shin-Mikuni Bridge 1;2000;Japan;Road Bridge;Steel;Steel-Concrete Composit;"36°11'04.8""N";"139°41'22.7""E";135.4;;;10.75;2;Unknown;Yes;Cross Girder;
152;Shin-Mikuni Bridge 2;2000;Japan;Road Bridge;Steel;Steel-Concrete Composit;"36°11'03.6""N";"139°41'27.6""E";135.4;;;10.75;2;Unknown;Yes;Cross Girder;
153;Shin-Mikuni Bridge 3;2000;Japan;Road Bridge;Steel;Steel-Concrete Composit;"36°11'02.4""N";"139°41'32.7""E";135.4;;;10.75;2;Unknown;Yes;Cross Girder;
154;Shin-Mikuni Bridge 4;2000;Japan;Road Bridge;Steel;Steel-Concrete Composit;"36°11'01.2""N";"139°41'37.2""E";135.4;;;10.75;2;Unknown;Yes;Cross Girder;
155;Shin-Mikuni Bridge 5;2000;Japan;Road Bridge;Steel;Steel-Concrete Composit;"36°10'59.7""N";"139°41'42.9""E";135.4;;;10.75;2;Unknown;Yes;Cross Girder;
156;Shonai Yudaira;2001;Japan;Road Bridge;Steel;Steel-Concrete Composit;"33°11'20.5""N";"131°21'58.6""E";163;;;;2;Unknown;Yes;Cross Girder;
157;Shuminamio Bridge;2005;Japan;Road Bridge;Steel;;"34°03'48.7""N";"131°44'52.4""E";175;;;;2;Unknown;Yes;Cross Girder;
158;Souk Ahras Bridge ;2011;Algeria;Road Bridge;Steel;;"36° 16' 52.56"" N";"7° 57' 9.26"" E";130;;;;2;Unknown;Yes;Cross Girder;
159;Space Bridge;1994;Japan;Road Bridge;Steel;Steel-Concrete Composit;"39°02'57.1""N";"140°38'48.8""E";180;;;10.5;2;Unknown;Yes;Cross Girder;
160;Stadtbahnbrücke;2020;Germany;Railway Bridge;Steel;Reinforced Concrete;"48°42'19.3""N";"9°10'12.5""E";80;8.5;9.411764706;8.5;2;Unknown;No;None;
161;Steien Bridge;2016;Norway;Road Bridge;Wood;Reinfoced Concrete;"62°06'43.9""N";"10°37'22.2""E";88;15;5.866666667;10.4;2;Unknown;No;K-Truss;
162;Sueyoshi Bridge;1984;Japan;Road Bridge;Steel;;"34°56'15.3""N";"135°12'31.1""E";99;;;;2;Unknown;No;Cross Girder;
163;Suijino Bridge;1989;Japan;Road Bridge;Steel;Steel-Concrete Composit;"35°44'09.4""N";"139°48'50.5""E";102;;;17;2;Unknown;No;Cross Girder;
164;Sunaharao Bridge;;Japan;Road Bridge;Steel;Steel-Concrete Composit;"35°00'45.1""N";"135°58'04.8""E";131.5;;;;2;Unknown;No;Cross Girder;
165;Suwa-Koenbashi Bridge;;Japan;Road Bridge;Steel;Steel;"33°01'18.9""N";"130°25'39.8""E";211;;;;2;Unknown;Yes;Cross Girder;
166;Takaharadoshun Bridge;;Japan;Road Bridge;Steel;;"34°19'49.2""N";"135°57'42.0""E";135;;;;2;Unknown;Yes;Cross Girder;
167;Takamine Ohashi Bridge;;Japan;Road Bridge;Steel;Steel-Concrete Composit;"36°01'13.3""N";"137°30'03.2""E";178;;;;2;Unknown;No;Cross Girder;
168;Taroko Bridge 1;2002;Taiwan;Road Bridge;Steel;;"24°08'32.7""N";"121°38'38.1""E";71;;;27;2;Unknown;Yes;Cross Girder;
169;Taroko Bridge 2;2002;Taiwan;Road Bridge;Steel;;"24°08'35.5""N";"121°38'38.3""E";110;;;27;2;Unknown;Yes;Cross Girder;
170;Taroko Bridge 3;2002;Taiwan;Road Bridge;Steel;;"24°08'40.1""N";"121°38'38.6""E";150;25;6;27;2;Unknown;Yes;Cross Girder;
171;Taroko Bridge 4;2002;Taiwan;Road Bridge;Steel;;"24°08'44.1""N";"121°38'38.8""E";110;;;27;2;Unknown;Yes;Cross Girder;
172;Taroko Bridge 5;2002;Taiwan;Road Bridge;Steel;;"24°08'46.9""N";"121°38'38.9""E";71;;;27;2;Unknown;Yes;Cross Girder;
173;Tatsumishin Bridge;1993;Japan;Road Bridge;Steel;;"35°43'35.2""N";"139°52'35.6""E";118.8;21.8;5.449541284;21.9;2;Unknown;Yes;None;
174;Terashimao Bridge;1988;Japan;Road Bridge;Steel;Steel;"33°02'12.5""N";"129°37'41.2""E";150;;;;2;Unknown;No;Cross Girder;
175;Tomoegawa Bridge;1974;Japan;Road Bridge;Steel;;"35° 58' 55.44"" N";"139° 3' 36.02"" E";171;28;6.107142857;8;2;Unknown;No;Cross Girder;
176;Torikai-Ohashi Bridge 1;;Japan;Railway Bridge;Steel;Steel;"34°45'38.7""N";"135°34'19.6""E";86;;;;2;Unknown;Yes;Cross Girder;
177;Torikai-Ohashi Bridge 2;;Japan;Railway Bridge;Steel;Steel;"34°45'35.9""N";"135°34'21.7""E";131;;;;2;Unknown;Yes;Cross Girder;
178;Torikai-Ohashi Bridge 3;;Japan;Railway Bridge;Steel;Steel;"34°45'31.5""N";"135°34'24.9""E";197;;;;2;Unknown;Yes;Cross Girder;
179;Torikai-Ohashi Bridge 4;;Japan;Railway Bridge;Steel;Steel;"34°45'26.5""N";"135°34'28.5""E";131;;;;2;Unknown;Yes;Cross Girder;
180;Torikai-Ohashi Bridge 5;;Japan;Railway Bridge;Steel;Steel;"34°45'23.7""N";"135°34'30.5""E";86;;;;2;Unknown;Yes;Cross Girder;
181;Toyokoro Ohashi Bridge;1983;Japan;Road Bridge;Steel;Steel-Concrete Composit;"42°48'42.2""N";"143°30'23.8""E";140;22.5;6.222222222;11;2;Unknown;Yes;Cross Girder;
182;Trinec-Baliny Road Bridge 1;2009;Czech Republic;Road Bridge;Steel;Reinforced Concrete;"49° 42' 19.29"" N";"18° 38' 17.39"" E";73.5;12.25;6;18.5;2;Unknown;No;None;
183;Trinec-Baliny Road Bridge 2;2009;Czech Republic;Road Bridge;Steel;Reinforced Concrete;"49° 42' 19.29"" N";"18° 38' 17.39"" E";73.5;12.25;6;9.65;2;Unknown;No;None;
184;Trója Bridge ;2014;Czech Republic;Road / Railway Bridge;Steel;Prestressed Concrete;"50° 6' 44.29"" N";"14° 26' 10.08"" E ";200.4;20;10.02;10;2;Parabolic;Yes;None;
185;Tsubokawao Bridge;;Japan;Road Bridge;Steel;Steel-Concrete Composit;"35°34'02.1""N";"138°28'26.3""E";162.3;;;;2;Unknown;Yes;Cross Girder;
186;Tsukani Bridge;1982;Japan;Road Bridge;Steel;;"34°29'57.7""N";"133°04'19.5""E";160;;;;2;Unknown;No;Cross Girder;
187;Überführungsbauwerk WD-10 Mińsk-Mazowiecki;2011;Poland;Road Bridge;Steel;Reinforced Concrete;"52°12'20.1""N";"21°40'32.4""E";65;10.8;6.018518519;8.94;2;Unknown;No;K-Truss;
189;Überführungsbauwerk WD-137 Tarnów - Rzeszów 1;2012;Poland;Road Bridge;Steel;Reinforced Concrete;"50°06'30.5""N";"21°39'54.1""E";72;13.85;5.198555957;8.62;2;Unknown;No;K-Truss;
190;Überführungsbauwerk WD-137 Tarnów - Rzeszów 2;2012;Poland;Road Bridge;Steel;Reinforced Concrete;"50°06'30.4""N";"21°39'54.6""E";72;13.85;5.198555957;9.62;2;Unknown;No;K-Truss;
191;Überführungsbauwerk WD-431 Rawicz (Pyrzowice – Piekary) 1;2011;Poland;Road Bridge;Steel;Reinforced Concrete;"50°28'17.2""N";"19°03'12.8""E";62;9.3;6.666666667;8.94;2;Unknown;No;Diamond Truss;
192;Überführungsbauwerk WD-431 Rawicz (Pyrzowice – Piekary) 2;2011;Poland;Road Bridge;Steel;Reinforced Concrete;"50°28'17.2""N";"19°03'12.8""E";62;9.3;6.666666667;8.94;2;Unknown;No;Diamond Truss;
188;Überführungsbauwerk WD-57 Rawicz;2012;Poland;Road Bridge;Steel;Steel-Concrete Composit;"51°36'23.1""N";"16°48'22.7""E";75;12.89;5.818463926;14.2;2;Unknown;No;K-Truss;
193;Uenodaoohashi Bridge;2001;Japan;Road Bridge;Steel;;"35°32'37.7""N";"139°07'25.5""E";146.2;;;10;2;Unknown;Yes;Cross Girder;
194;Upokongaro Cycle Bridge;2020;New Zealand;Pedestrian Bridge;Steel;;"39°52'13.0""S";"175°06'46.6""E";130;18;7.222222222;2.4;2;Unknown;Yes;Cross Girder;
195;Utsumio Bridge 1;1989;Japan;Road Bridge;Steel;Steel-Concrete Composit;"34°22'23.3""N";"133°19'12.5""E";185;28;6.607142857;12.5;2;Unknown;Yes;Cross Girder;
196;Utsumio Bridge 2;1989;Japan;Road Bridge;Steel;;"34°22'32.5""N";"133°19'19.1""E";220;34;6.470588235;;2;Unknown;Yes;Cross Girder;
197;W 7th Street Bridge 1;2013;USA;Road Bridge;Prestressed Concrete;Prestressed Concrete;"32°45'03.6""N";"97°20'51.5""W";49.8;7.2;6.916666667;20.7;2;Unknown;No;None;
198;W 7th Street Bridge 2;2013;USA;Road Bridge;Prestressed Concrete;Prestressed Concrete;"32°45'03.6""N";"97°20'49.6""W";49.8;7.2;6.916666667;20.7;2;Unknown;No;None;
199;W 7th Street Bridge 3;2013;USA;Road Bridge;Prestressed Concrete;Prestressed Concrete;"32°45'03.6""N";"97°20'47.7""W";49.8;7.2;6.916666667;20.7;2;Unknown;No;None;
200;W 7th Street Bridge 4;2013;USA;Road Bridge;Prestressed Concrete;Prestressed Concrete;"32°45'03.6""N";"97°20'45.8""W";49.8;7.2;6.916666667;20.7;2;Unknown;No;None;
201;W 7th Street Bridge 5;2013;USA;Road Bridge;Prestressed Concrete;Prestressed Concrete;"32°45'03.6""N";"97°20'43.8""W";49.8;7.2;6.916666667;20.7;2;Unknown;No;None;
202;W 7th Street Bridge 6;2013;USA;Road Bridge;Prestressed Concrete;Prestressed Concrete;"32°45'03.6""N";"97°20'41.9""W";49.8;7.2;6.916666667;20.7;2;Unknown;No;None;
203;Waikato River Bridge;2010;New Zealand;Road Bridge;Steel;Steel-Concrete Composit;"38°38'01.0""S";"176°05'51.7""E";100.3;20;5.015;12.75;2;Unknown;No;K-Truss;
204;Wellsburg;2020;USA;Road Bridge;Steel;Steel-Concrete Composit;"40°15'17.8""N";"80°38'11.2""W";253;39.5;6.405063291;20.7;2;Unknown;Yes;Diamond Truss;
205;Wiadukt łączący Zatorze;2018;Poland;Road Bridge;Steel;Steel-Concrete Composit;"54°09'04.4""N";"19°24'45.9""E";51;;;;2;Unknown;No;K-Truss;
206;Will River Bridge;;Japan;Road Bridge;Steel;Steel-Concrete Composit;"32°44'55.6""N";"130°22'02.9""E";185;;;;2;Unknown;No;Cross Girder;
207;Yashima Bridge;1995;Japan;Road Bridge;Steel;;"36°38'25.7""N";"138°15'32.5""E";125.8;;;;2;Unknown;Yes;Cross Girder;
208;Yontsusawa Bridge;2005;Japan;Road Bridge;Steel;Steel-Concrete Composit;"35°36'04.9""N";"138°38'52.2""E";100;;;;2;Unknown;No;Cross Girder;
209;Žeželj Bridge 1;2018;Serbia;Road / Railway Bridge;Steel;Steel-Concrete Composit;"45° 15' 42.60"" N";"19° 51' 37.77"" E ";219;42;5.214285714;32;2;Unknown;Yes;Cross Girder;
210;Žeželj Bridge 2;2018;Serbia;Road / Railway Bridge;Steel;Steel-Concrete Composit;"45° 15' 42.60"" N";"19° 51' 37.77"" E ";177;34;5.205882353;32;2;Unknown;Yes;Cross Girder;
